case,file_path,category,cwe,positive,unscored_reason,all_candidates,advisory,blocking,matched_rules,matched_finding_count
BenchmarkTest00001,testcode/BenchmarkTest00001.py,pathtraver,22,true,,fn,fn,fn,,0
BenchmarkTest00002,testcode/BenchmarkTest00002.py,pathtraver,22,true,,fn,fn,fn,,0
BenchmarkTest00003,testcode/BenchmarkTest00003.py,pathtraver,22,true,,fn,fn,fn,,0
BenchmarkTest00004,testcode/BenchmarkTest00004.py,pathtraver,22,false,,tn,tn,tn,,0
BenchmarkTest00005,testcode/BenchmarkTest00005.py,pathtraver,22,false,,tn,tn,tn,,0
BenchmarkTest00006,testcode/BenchmarkTest00006.py,pathtraver,22,false,,tn,tn,tn,,0
BenchmarkTest00007,testcode/BenchmarkTest00007.py,pathtraver,22,false,,tn,tn,tn,,0
BenchmarkTest00008,testcode/BenchmarkTest00008.py,pathtraver,22,true,,fn,fn,fn,,0
BenchmarkTest00009,testcode/BenchmarkTest00009.py,pathtraver,22,false,,tn,tn,tn,,0
BenchmarkTest00010,testcode/BenchmarkTest00010.py,pathtraver,22,false,,tn,tn,tn,,0
BenchmarkTest00011,testcode/BenchmarkTest00011.py,sqli,89,false,,tn,tn,tn,,0
BenchmarkTest00012,testcode/BenchmarkTest00012.py,sqli,89,false,,tn,tn,tn,,0
BenchmarkTest00013,testcode/BenchmarkTest00013.py,xpathi,643,false,,tn,tn,tn,,0
BenchmarkTest00014,testcode/BenchmarkTest00014.py,xpathi,643,false,,tn,tn,tn,,0
BenchmarkTest00015,testcode/BenchmarkTest00015.py,xpathi,643,false,,tn,tn,tn,,0
BenchmarkTest00016,testcode/BenchmarkTest00016.py,xpathi,643,false,,tn,tn,tn,,0
BenchmarkTest00017,testcode/BenchmarkTest00017.py,xxe,611,false,,fp,fp,tn,AEG-A03-010;AEG-A05-004,3
BenchmarkTest00018,testcode/BenchmarkTest00018.py,xpathi,643,true,,tp,tp,fn,AEG-XPATH-001,1
BenchmarkTest00019,testcode/BenchmarkTest00019.py,xpathi,643,true,,tp,tp,fn,AEG-XPATH-001,1
BenchmarkTest00020,testcode/BenchmarkTest00020.py,xpathi,643,false,,tn,tn,tn,,0
BenchmarkTest00021,testcode/BenchmarkTest00021.py,xpathi,643,false,,tn,tn,tn,,0
BenchmarkTest00022,testcode/BenchmarkTest00022.py,xpathi,643,false,,tn,tn,tn,,0
BenchmarkTest00023,testcode/BenchmarkTest00023.py,xpathi,643,false,,tn,tn,tn,,0
BenchmarkTest00024,testcode/BenchmarkTest00024.py,xpathi,643,false,,tn,tn,tn,,0
BenchmarkTest00025,testcode/BenchmarkTest00025.py,weakrand,330,true,,fn,fn,fn,,0
BenchmarkTest00026,testcode/BenchmarkTest00026.py,weakrand,330,true,,fn,fn,fn,,0
BenchmarkTest00027,testcode/BenchmarkTest00027.py,weakrand,330,true,,fn,fn,fn,,0
BenchmarkTest00028,testcode/BenchmarkTest00028.py,weakrand,330,true,,fn,fn,fn,,0
BenchmarkTest00029,testcode/BenchmarkTest00029.py,weakrand,330,true,,tp,tp,fn,AEG-CRYPTO-002,1
BenchmarkTest00030,testcode/BenchmarkTest00030.py,weakrand,330,true,,tp,tp,fn,AEG-CRYPTO-002,1
BenchmarkTest00031,testcode/BenchmarkTest00031.py,weakrand,330,true,,tp,tp,fn,AEG-CRYPTO-002,1
BenchmarkTest00032,testcode/BenchmarkTest00032.py,weakrand,330,false,,tn,tn,tn,,0
BenchmarkTest00033,testcode/BenchmarkTest00033.py,weakrand,330,false,,tn,tn,tn,,0
BenchmarkTest00034,testcode/BenchmarkTest00034.py,weakrand,330,false,,tn,tn,tn,,0
BenchmarkTest00035,testcode/BenchmarkTest00035.py,weakrand,330,false,,tn,tn,tn,,0
BenchmarkTest00036,testcode/BenchmarkTest00036.py,weakrand,330,false,,tn,tn,tn,,0
BenchmarkTest00037,testcode/BenchmarkTest00037.py,weakrand,330,false,,tn,tn,tn,,0
BenchmarkTest00038,testcode/BenchmarkTest00038.py,weakrand,330,false,,tn,tn,tn,,0
BenchmarkTest00039,testcode/BenchmarkTest00039.py,weakrand,330,false,,tn,tn,tn,,0
BenchmarkTest00040,testcode/BenchmarkTest00040.py,weakrand,330,false,,tn,tn,tn,,0
BenchmarkTest00041,testcode/BenchmarkTest00041.py,weakrand,330,false,,tn,tn,tn,,0
BenchmarkTest00042,testcode/BenchmarkTest00042.py,weakrand,330,false,,tn,tn,tn,,0
BenchmarkTest00043,testcode/BenchmarkTest00043.py,weakrand,330,false,,tn,tn,tn,,0
BenchmarkTest00044,testcode/BenchmarkTest00044.py,weakrand,330,false,,tn,tn,tn,,0
BenchmarkTest00045,testcode/BenchmarkTest00045.py,weakrand,330,false,,tn,tn,tn,,0
BenchmarkTest00046,testcode/BenchmarkTest00046.py,weakrand,330,false,,tn,tn,tn,,0
BenchmarkTest00047,testcode/BenchmarkTest00047.py,weakrand,330,false,,tn,tn,tn,,0
BenchmarkTest00048,testcode/BenchmarkTest00048.py,weakrand,330,false,,tn,tn,tn,,0
BenchmarkTest00049,testcode/BenchmarkTest00049.py,weakrand,330,false,,tn,tn,tn,,0
BenchmarkTest00050,testcode/BenchmarkTest00050.py,weakrand,330,false,,tn,tn,tn,,0
BenchmarkTest00051,testcode/BenchmarkTest00051.py,weakrand,330,false,,tn,tn,tn,,0
BenchmarkTest00052,testcode/BenchmarkTest00052.py,weakrand,330,false,,tn,tn,tn,,0
BenchmarkTest00053,testcode/BenchmarkTest00053.py,weakrand,330,false,,tn,tn,tn,,0
BenchmarkTest00054,testcode/BenchmarkTest00054.py,hash,328,true,,tp,tp,fn,AEG-A02-002;AEG-CRYPTO-PY-002,2
BenchmarkTest00055,testcode/BenchmarkTest00055.py,hash,328,false,,tn,tn,tn,,0
BenchmarkTest00056,testcode/BenchmarkTest00056.py,hash,328,false,,tn,tn,tn,,0
BenchmarkTest00057,testcode/BenchmarkTest00057.py,hash,328,true,,tp,tp,fn,AEG-A02-002;AEG-CRYPTO-PY-002,2
BenchmarkTest00058,testcode/BenchmarkTest00058.py,hash,328,true,,tp,tp,fn,AEG-A02-003;AEG-CRYPTO-PY-002,2
BenchmarkTest00059,testcode/BenchmarkTest00059.py,hash,328,true,,tp,tp,fn,AEG-A02-003;AEG-CRYPTO-PY-002,2
BenchmarkTest00060,testcode/BenchmarkTest00060.py,hash,328,true,,tp,tp,fn,AEG-A02-003;AEG-CRYPTO-PY-002,2
BenchmarkTest00061,testcode/BenchmarkTest00061.py,hash,328,false,,tn,tn,tn,,0
BenchmarkTest00062,testcode/BenchmarkTest00062.py,hash,328,false,,tn,tn,tn,,0
BenchmarkTest00063,testcode/BenchmarkTest00063.py,hash,328,false,,tn,tn,tn,,0
BenchmarkTest00064,testcode/BenchmarkTest00064.py,securecookie,614,true,,tp,tp,fn,AEG-A05-005,3
BenchmarkTest00065,testcode/BenchmarkTest00065.py,securecookie,614,true,,tp,tp,fn,AEG-A05-005,3
BenchmarkTest00066,testcode/BenchmarkTest00066.py,securecookie,614,true,,tp,tp,fn,AEG-A05-005,3
BenchmarkTest00067,testcode/BenchmarkTest00067.py,redirect,601,true,,fn,fn,fn,,0
BenchmarkTest00068,testcode/BenchmarkTest00068.py,redirect,601,true,,fn,fn,fn,,0
BenchmarkTest00069,testcode/BenchmarkTest00069.py,redirect,601,false,,tn,tn,tn,,0
BenchmarkTest00070,testcode/BenchmarkTest00070.py,trustbound,501,false,no_executed_cwe_rule,unscored,unscored,unscored,,0
BenchmarkTest00071,testcode/BenchmarkTest00071.py,trustbound,501,false,no_executed_cwe_rule,unscored,unscored,unscored,,0
BenchmarkTest00072,testcode/BenchmarkTest00072.py,trustbound,501,true,no_executed_cwe_rule,unscored,unscored,unscored,,0
BenchmarkTest00073,testcode/BenchmarkTest00073.py,codeinj,94,false,,tn,tn,tn,,0
BenchmarkTest00074,testcode/BenchmarkTest00074.py,codeinj,94,true,,tp,fn,tp,AEG-EXEC-001,1
BenchmarkTest00075,testcode/BenchmarkTest00075.py,codeinj,94,false,,fp,tn,fp,AEG-A03-007;AEG-EXEC-001,2
BenchmarkTest00076,testcode/BenchmarkTest00076.py,ldapi,90,false,,tn,tn,tn,,0
BenchmarkTest00077,testcode/BenchmarkTest00077.py,ldapi,90,false,,tn,tn,tn,,0
BenchmarkTest00078,testcode/BenchmarkTest00078.py,deserialization,502,true,,tp,tp,fn,AEG-DESER-001,1
BenchmarkTest00079,testcode/BenchmarkTest00079.py,deserialization,502,false,,tn,tn,tn,,0
BenchmarkTest00080,testcode/BenchmarkTest00080.py,deserialization,502,false,,tn,tn,tn,,0
BenchmarkTest00081,testcode/BenchmarkTest00081.py,deserialization,502,false,,tn,tn,tn,,0
BenchmarkTest00082,testcode/BenchmarkTest00082.py,xss,79,false,,tn,tn,tn,,0
BenchmarkTest00083,testcode/BenchmarkTest00083.py,xss,79,false,,tn,tn,tn,,0
BenchmarkTest00084,testcode/BenchmarkTest00084.py,xss,79,false,,tn,tn,tn,,0
BenchmarkTest00085,testcode/BenchmarkTest00085.py,pathtraver,22,true,,tp,tp,fn,AEG-AC-PY-006,1
BenchmarkTest00086,testcode/BenchmarkTest00086.py,pathtraver,22,false,,fp,fp,tn,AEG-AC-PY-006,1
BenchmarkTest00087,testcode/BenchmarkTest00087.py,pathtraver,22,true,,fn,fn,fn,,0
BenchmarkTest00088,testcode/BenchmarkTest00088.py,pathtraver,22,false,,tn,tn,tn,,0
BenchmarkTest00089,testcode/BenchmarkTest00089.py,pathtraver,22,true,,tp,tp,fn,AEG-AC-PY-006,1
BenchmarkTest00090,testcode/BenchmarkTest00090.py,pathtraver,22,false,,fp,fp,tn,AEG-AC-PY-006,1
BenchmarkTest00091,testcode/BenchmarkTest00091.py,pathtraver,22,false,,fp,fp,tn,AEG-AC-PY-006,1
BenchmarkTest00092,testcode/BenchmarkTest00092.py,pathtraver,22,true,,tp,tp,fn,AEG-AC-PY-006,1
BenchmarkTest00093,testcode/BenchmarkTest00093.py,pathtraver,22,false,,fp,fp,tn,AEG-AC-PY-006,1
BenchmarkTest00094,testcode/BenchmarkTest00094.py,pathtraver,22,false,,fp,fp,tn,AEG-AC-PY-006,1
BenchmarkTest00095,testcode/BenchmarkTest00095.py,pathtraver,22,false,,fp,fp,tn,AEG-AC-PY-006,1
BenchmarkTest00096,testcode/BenchmarkTest00096.py,xss,79,true,,fn,fn,fn,,0
BenchmarkTest00097,testcode/BenchmarkTest00097.py,xss,79,true,,fn,fn,fn,,0
BenchmarkTest00098,testcode/BenchmarkTest00098.py,xss,79,true,,fn,fn,fn,,0
BenchmarkTest00099,testcode/BenchmarkTest00099.py,sqli,89,true,,fn,fn,fn,,0
BenchmarkTest00100,testcode/BenchmarkTest00100.py,sqli,89,false,,tn,tn,tn,,0
BenchmarkTest00101,testcode/BenchmarkTest00101.py,xpathi,643,true,,fn,fn,fn,,0
BenchmarkTest00102,testcode/BenchmarkTest00102.py,xpathi,643,false,,tn,tn,tn,,0
BenchmarkTest00103,testcode/BenchmarkTest00103.py,xpathi,643,true,,fn,fn,fn,,0
BenchmarkTest00104,testcode/BenchmarkTest00104.py,xpathi,643,true,,tp,tp,fn,AEG-XPATH-001,1
BenchmarkTest00105,testcode/BenchmarkTest00105.py,xpathi,643,false,,fp,fp,tn,AEG-XPATH-001,1
BenchmarkTest00106,testcode/BenchmarkTest00106.py,xpathi,643,false,,fp,fp,tn,AEG-XPATH-001,1
BenchmarkTest00107,testcode/BenchmarkTest00107.py,xpathi,643,true,,fn,fn,fn,,0
BenchmarkTest00108,testcode/BenchmarkTest00108.py,xpathi,643,false,,tn,tn,tn,,0
BenchmarkTest00109,testcode/BenchmarkTest00109.py,xpathi,643,false,,tn,tn,tn,,0
BenchmarkTest00110,testcode/BenchmarkTest00110.py,xpathi,643,false,,tn,tn,tn,,0
BenchmarkTest00111,testcode/BenchmarkTest00111.py,xpathi,643,false,,tn,tn,tn,,0
BenchmarkTest00112,testcode/BenchmarkTest00112.py,xpathi,643,true,,fn,fn,fn,,0
BenchmarkTest00113,testcode/BenchmarkTest00113.py,xpathi,643,true,,fn,fn,fn,,0
BenchmarkTest00114,testcode/BenchmarkTest00114.py,weakrand,330,true,,fn,fn,fn,,0
BenchmarkTest00115,testcode/BenchmarkTest00115.py,weakrand,330,true,,fn,fn,fn,,0
BenchmarkTest00116,testcode/BenchmarkTest00116.py,weakrand,330,true,,fn,fn,fn,,0
BenchmarkTest00117,testcode/BenchmarkTest00117.py,weakrand,330,true,,tp,tp,fn,AEG-CRYPTO-002,1
BenchmarkTest00118,testcode/BenchmarkTest00118.py,weakrand,330,false,,tn,tn,tn,,0
BenchmarkTest00119,testcode/BenchmarkTest00119.py,weakrand,330,false,,tn,tn,tn,,0
BenchmarkTest00120,testcode/BenchmarkTest00120.py,weakrand,330,false,,tn,tn,tn,,0
BenchmarkTest00121,testcode/BenchmarkTest00121.py,weakrand,330,false,,tn,tn,tn,,0
BenchmarkTest00122,testcode/BenchmarkTest00122.py,weakrand,330,false,,tn,tn,tn,,0
BenchmarkTest00123,testcode/BenchmarkTest00123.py,weakrand,330,false,,tn,tn,tn,,0
BenchmarkTest00124,testcode/BenchmarkTest00124.py,weakrand,330,false,,tn,tn,tn,,0
BenchmarkTest00125,testcode/BenchmarkTest00125.py,weakrand,330,false,,tn,tn,tn,,0
BenchmarkTest00126,testcode/BenchmarkTest00126.py,weakrand,330,false,,tn,tn,tn,,0
BenchmarkTest00127,testcode/BenchmarkTest00127.py,weakrand,330,false,,tn,tn,tn,,0
BenchmarkTest00128,testcode/BenchmarkTest00128.py,weakrand,330,false,,tn,tn,tn,,0
BenchmarkTest00129,testcode/BenchmarkTest00129.py,weakrand,330,false,,tn,tn,tn,,0
BenchmarkTest00130,testcode/BenchmarkTest00130.py,weakrand,330,false,,tn,tn,tn,,0
BenchmarkTest00131,testcode/BenchmarkTest00131.py,weakrand,330,false,,tn,tn,tn,,0
BenchmarkTest00132,testcode/BenchmarkTest00132.py,weakrand,330,false,,tn,tn,tn,,0
BenchmarkTest00133,testcode/BenchmarkTest00133.py,weakrand,330,false,,tn,tn,tn,,0
BenchmarkTest00134,testcode/BenchmarkTest00134.py,weakrand,330,false,,tn,tn,tn,,0
BenchmarkTest00135,testcode/BenchmarkTest00135.py,weakrand,330,false,,tn,tn,tn,,0
BenchmarkTest00136,testcode/BenchmarkTest00136.py,weakrand,330,false,,tn,tn,tn,,0
BenchmarkTest00137,testcode/BenchmarkTest00137.py,weakrand,330,false,,tn,tn,tn,,0
BenchmarkTest00138,testcode/BenchmarkTest00138.py,weakrand,330,false,,tn,tn,tn,,0
BenchmarkTest00139,testcode/BenchmarkTest00139.py,weakrand,330,false,,tn,tn,tn,,0
BenchmarkTest00140,testcode/BenchmarkTest00140.py,hash,328,true,,tp,tp,fn,AEG-A02-002;AEG-CRYPTO-PY-002,2
BenchmarkTest00141,testcode/BenchmarkTest00141.py,hash,328,true,,tp,tp,fn,AEG-A02-002;AEG-CRYPTO-PY-002,2
BenchmarkTest00142,testcode/BenchmarkTest00142.py,hash,328,true,,tp,tp,fn,AEG-A02-003;AEG-CRYPTO-PY-002,2
BenchmarkTest00143,testcode/BenchmarkTest00143.py,hash,328,true,,tp,tp,fn,AEG-A02-003;AEG-CRYPTO-PY-002,2
BenchmarkTest00144,testcode/BenchmarkTest00144.py,hash,328,false,,tn,tn,tn,,0
BenchmarkTest00145,testcode/BenchmarkTest00145.py,hash,328,false,,tn,tn,tn,,0
BenchmarkTest00146,testcode/BenchmarkTest00146.py,hash,328,false,,tn,tn,tn,,0
BenchmarkTest00147,testcode/BenchmarkTest00147.py,hash,328,false,,tn,tn,tn,,0
BenchmarkTest00148,testcode/BenchmarkTest00148.py,hash,328,false,,tn,tn,tn,,0
BenchmarkTest00149,testcode/BenchmarkTest00149.py,xss,79,false,,tn,tn,tn,,0
BenchmarkTest00150,testcode/BenchmarkTest00150.py,xss,79,false,,tn,tn,tn,,0
BenchmarkTest00151,testcode/BenchmarkTest00151.py,redirect,601,false,,tn,tn,tn,,0
BenchmarkTest00152,testcode/BenchmarkTest00152.py,trustbound,501,false,no_executed_cwe_rule,unscored,unscored,unscored,,0
BenchmarkTest00153,testcode/BenchmarkTest00153.py,trustbound,501,true,no_executed_cwe_rule,unscored,unscored,unscored,,0
BenchmarkTest00154,testcode/BenchmarkTest00154.py,trustbound,501,false,no_executed_cwe_rule,unscored,unscored,unscored,,0
BenchmarkTest00155,testcode/BenchmarkTest00155.py,trustbound,501,false,no_executed_cwe_rule,unscored,unscored,unscored,,0
BenchmarkTest00156,testcode/BenchmarkTest00156.py,codeinj,94,false,,tn,tn,tn,,0
BenchmarkTest00157,testcode/BenchmarkTest00157.py,codeinj,94,false,,tn,tn,tn,,0
BenchmarkTest00158,testcode/BenchmarkTest00158.py,codeinj,94,false,,tn,tn,tn,,0
BenchmarkTest00159,testcode/BenchmarkTest00159.py,codeinj,94,true,,fn,fn,fn,,0
BenchmarkTest00160,testcode/BenchmarkTest00160.py,codeinj,94,true,,fn,fn,fn,,0
BenchmarkTest00161,testcode/BenchmarkTest00161.py,codeinj,94,true,,fn,fn,fn,,0
BenchmarkTest00162,testcode/BenchmarkTest00162.py,codeinj,94,false,,tn,tn,tn,,0
BenchmarkTest00163,testcode/BenchmarkTest00163.py,codeinj,94,false,,tn,tn,tn,,0
BenchmarkTest00164,testcode/BenchmarkTest00164.py,deserialization,502,true,,tp,tp,fn,AEG-DESER-001,1
BenchmarkTest00165,testcode/BenchmarkTest00165.py,cmdi,78,true,,fn,fn,fn,,0
BenchmarkTest00166,testcode/BenchmarkTest00166.py,cmdi,78,true,,tp,tp,fn,AEG-A03-006;AEG-CMD-002,2
BenchmarkTest00167,testcode/BenchmarkTest00167.py,cmdi,78,true,,tp,tp,fn,AEG-A03-006;AEG-CMD-002,2
BenchmarkTest00168,testcode/BenchmarkTest00168.py,cmdi,78,true,,tp,tp,fn,AEG-A03-006;AEG-CMD-002,2
BenchmarkTest00169,testcode/BenchmarkTest00169.py,xss,79,true,,fn,fn,fn,,0
BenchmarkTest00170,testcode/BenchmarkTest00170.py,pathtraver,22,false,,fp,fp,tn,AEG-AC-PY-006,1
BenchmarkTest00171,testcode/BenchmarkTest00171.py,pathtraver,22,true,,tp,tp,fn,AEG-AC-PY-006,1
BenchmarkTest00172,testcode/BenchmarkTest00172.py,pathtraver,22,true,,tp,tp,fn,AEG-AC-PY-006,1
BenchmarkTest00173,testcode/BenchmarkTest00173.py,pathtraver,22,true,,tp,tp,fn,AEG-AC-PY-006,1
BenchmarkTest00174,testcode/BenchmarkTest00174.py,pathtraver,22,false,,fp,fp,fp,AEG-AC-PY-006;AEG-PATH-001,2
BenchmarkTest00175,testcode/BenchmarkTest00175.py,pathtraver,22,true,,tp,tp,tp,AEG-AC-PY-006;AEG-PATH-001,2
BenchmarkTest00176,testcode/BenchmarkTest00176.py,pathtraver,22,false,,fp,fp,fp,AEG-AC-PY-006;AEG-PATH-001,2
BenchmarkTest00177,testcode/BenchmarkTest00177.py,pathtraver,22,true,,tp,tp,tp,AEG-AC-PY-006;AEG-PATH-001,2
BenchmarkTest00178,testcode/BenchmarkTest00178.py,pathtraver,22,true,,tp,tp,fn,AEG-AC-PY-006,1
BenchmarkTest00179,testcode/BenchmarkTest00179.py,pathtraver,22,false,,tn,tn,tn,,0
BenchmarkTest00180,testcode/BenchmarkTest00180.py,pathtraver,22,true,,tp,tp,fn,AEG-AC-PY-006,1
BenchmarkTest00181,testcode/BenchmarkTest00181.py,pathtraver,22,false,,fp,fp,tn,AEG-AC-PY-006,1
BenchmarkTest00182,testcode/BenchmarkTest00182.py,pathtraver,22,true,,tp,tp,fn,AEG-AC-PY-006,1
BenchmarkTest00183,testcode/BenchmarkTest00183.py,pathtraver,22,false,,fp,fp,tn,AEG-AC-PY-006,1
BenchmarkTest00184,testcode/BenchmarkTest00184.py,pathtraver,22,false,,fp,fp,fp,AEG-AC-PY-006;AEG-PATH-001,2
BenchmarkTest00185,testcode/BenchmarkTest00185.py,xss,79,false,,tn,tn,tn,,0
BenchmarkTest00186,testcode/BenchmarkTest00186.py,xss,79,false,,tn,tn,tn,,0
BenchmarkTest00187,testcode/BenchmarkTest00187.py,xss,79,true,,fn,fn,fn,,0
BenchmarkTest00188,testcode/BenchmarkTest00188.py,xss,79,true,,fn,fn,fn,,0
BenchmarkTest00189,testcode/BenchmarkTest00189.py,xss,79,true,,fn,fn,fn,,0
BenchmarkTest00190,testcode/BenchmarkTest00190.py,xss,79,false,,tn,tn,tn,,0
BenchmarkTest00191,testcode/BenchmarkTest00191.py,xss,79,false,,tn,tn,tn,,0
BenchmarkTest00192,testcode/BenchmarkTest00192.py,sqli,89,false,,tn,tn,tn,,0
BenchmarkTest00193,testcode/BenchmarkTest00193.py,xpathi,643,false,,tn,tn,tn,,0
BenchmarkTest00194,testcode/BenchmarkTest00194.py,xpathi,643,false,,tn,tn,tn,,0
BenchmarkTest00195,testcode/BenchmarkTest00195.py,xpathi,643,false,,tn,tn,tn,,0
BenchmarkTest00196,testcode/BenchmarkTest00196.py,xpathi,643,false,,tn,tn,tn,,0
BenchmarkTest00197,testcode/BenchmarkTest00197.py,xpathi,643,true,,fn,fn,fn,,0
BenchmarkTest00198,testcode/BenchmarkTest00198.py,xpathi,643,true,,fn,fn,fn,,0
BenchmarkTest00199,testcode/BenchmarkTest00199.py,xpathi,643,false,,tn,tn,tn,,0
BenchmarkTest00200,testcode/BenchmarkTest00200.py,xpathi,643,false,,tn,tn,tn,,0
BenchmarkTest00201,testcode/BenchmarkTest00201.py,xpathi,643,false,,tn,tn,tn,,0
BenchmarkTest00202,testcode/BenchmarkTest00202.py,xpathi,643,false,,tn,tn,tn,,0
BenchmarkTest00203,testcode/BenchmarkTest00203.py,xpathi,643,false,,tn,tn,tn,,0
BenchmarkTest00204,testcode/BenchmarkTest00204.py,xxe,611,false,,fp,fp,tn,AEG-A03-010;AEG-A05-004,3
BenchmarkTest00205,testcode/BenchmarkTest00205.py,xxe,611,true,,tp,tp,fn,AEG-A03-010;AEG-A05-004,3
BenchmarkTest00206,testcode/BenchmarkTest00206.py,xxe,611,false,,fp,fp,tn,AEG-A03-010;AEG-A05-004,3
BenchmarkTest00207,testcode/BenchmarkTest00207.py,xpathi,643,true,,fn,fn,fn,,0
BenchmarkTest00208,testcode/BenchmarkTest00208.py,xpathi,643,false,,tn,tn,tn,,0
BenchmarkTest00209,testcode/BenchmarkTest00209.py,xpathi,643,true,,fn,fn,fn,,0
BenchmarkTest00210,testcode/BenchmarkTest00210.py,xpathi,643,true,,fn,fn,fn,,0
BenchmarkTest00211,testcode/BenchmarkTest00211.py,xpathi,643,true,,fn,fn,fn,,0
BenchmarkTest00212,testcode/BenchmarkTest00212.py,xpathi,643,true,,fn,fn,fn,,0
BenchmarkTest00213,testcode/BenchmarkTest00213.py,xpathi,643,false,,tn,tn,tn,,0
BenchmarkTest00214,testcode/BenchmarkTest00214.py,xpathi,643,false,,tn,tn,tn,,0
BenchmarkTest00215,testcode/BenchmarkTest00215.py,xpathi,643,false,,tn,tn,tn,,0
BenchmarkTest00216,testcode/BenchmarkTest00216.py,xpathi,643,false,,tn,tn,tn,,0
BenchmarkTest00217,testcode/BenchmarkTest00217.py,xpathi,643,true,,fn,fn,fn,,0
BenchmarkTest00218,testcode/BenchmarkTest00218.py,weakrand,330,true,,fn,fn,fn,,0
BenchmarkTest00219,testcode/BenchmarkTest00219.py,weakrand,330,true,,fn,fn,fn,,0
BenchmarkTest00220,testcode/BenchmarkTest00220.py,weakrand,330,true,,fn,fn,fn,,0
BenchmarkTest00221,testcode/BenchmarkTest00221.py,weakrand,330,true,,fn,fn,fn,,0
BenchmarkTest00222,testcode/BenchmarkTest00222.py,weakrand,330,true,,tp,tp,fn,AEG-CRYPTO-002,1
BenchmarkTest00223,testcode/BenchmarkTest00223.py,weakrand,330,true,,tp,tp,fn,AEG-CRYPTO-002,1
BenchmarkTest00224,testcode/BenchmarkTest00224.py,weakrand,330,true,,tp,tp,fn,AEG-CRYPTO-002,1
BenchmarkTest00225,testcode/BenchmarkTest00225.py,weakrand,330,true,,tp,tp,fn,AEG-CRYPTO-002,1
BenchmarkTest00226,testcode/BenchmarkTest00226.py,weakrand,330,true,,tp,tp,fn,AEG-CRYPTO-002,1
BenchmarkTest00227,testcode/BenchmarkTest00227.py,weakrand,330,true,,tp,tp,fn,AEG-CRYPTO-002,1
BenchmarkTest00228,testcode/BenchmarkTest00228.py,weakrand,330,false,,tn,tn,tn,,0
BenchmarkTest00229,testcode/BenchmarkTest00229.py,weakrand,330,false,,tn,tn,tn,,0
BenchmarkTest00230,testcode/BenchmarkTest00230.py,weakrand,330,false,,tn,tn,tn,,0
BenchmarkTest00231,testcode/BenchmarkTest00231.py,weakrand,330,false,,tn,tn,tn,,0
BenchmarkTest00232,testcode/BenchmarkTest00232.py,weakrand,330,false,,tn,tn,tn,,0
BenchmarkTest00233,testcode/BenchmarkTest00233.py,weakrand,330,false,,tn,tn,tn,,0
BenchmarkTest00234,testcode/BenchmarkTest00234.py,weakrand,330,false,,tn,tn,tn,,0
BenchmarkTest00235,testcode/BenchmarkTest00235.py,weakrand,330,false,,tn,tn,tn,,0
BenchmarkTest00236,testcode/BenchmarkTest00236.py,weakrand,330,false,,tn,tn,tn,,0
BenchmarkTest00237,testcode/BenchmarkTest00237.py,weakrand,330,false,,tn,tn,tn,,0
BenchmarkTest00238,testcode/BenchmarkTest00238.py,weakrand,330,false,,tn,tn,tn,,0
BenchmarkTest00239,testcode/BenchmarkTest00239.py,weakrand,330,false,,tn,tn,tn,,0
BenchmarkTest00240,testcode/BenchmarkTest00240.py,weakrand,330,false,,tn,tn,tn,,0
BenchmarkTest00241,testcode/BenchmarkTest00241.py,weakrand,330,false,,tn,tn,tn,,0
BenchmarkTest00242,testcode/BenchmarkTest00242.py,weakrand,330,false,,tn,tn,tn,,0
BenchmarkTest00243,testcode/BenchmarkTest00243.py,weakrand,330,false,,tn,tn,tn,,0
BenchmarkTest00244,testcode/BenchmarkTest00244.py,hash,328,true,,tp,tp,fn,AEG-A02-003;AEG-CRYPTO-PY-002,2
BenchmarkTest00245,testcode/BenchmarkTest00245.py,hash,328,false,,tn,tn,tn,,0
BenchmarkTest00246,testcode/BenchmarkTest00246.py,hash,328,false,,tn,tn,tn,,0
BenchmarkTest00247,testcode/BenchmarkTest00247.py,hash,328,false,,tn,tn,tn,,0
BenchmarkTest00248,testcode/BenchmarkTest00248.py,hash,328,true,,tp,tp,fn,AEG-A02-002;AEG-CRYPTO-PY-002,2
BenchmarkTest00249,testcode/BenchmarkTest00249.py,hash,328,true,,tp,tp,fn,AEG-A02-002;AEG-CRYPTO-PY-002,2
BenchmarkTest00250,testcode/BenchmarkTest00250.py,hash,328,true,,tp,tp,fn,AEG-A02-003;AEG-CRYPTO-PY-002,2
BenchmarkTest00251,testcode/BenchmarkTest00251.py,hash,328,true,,tp,tp,fn,AEG-A02-003;AEG-CRYPTO-PY-002,2
BenchmarkTest00252,testcode/BenchmarkTest00252.py,hash,328,false,,tn,tn,tn,,0
BenchmarkTest00253,testcode/BenchmarkTest00253.py,hash,328,false,,tn,tn,tn,,0
BenchmarkTest00254,testcode/BenchmarkTest00254.py,hash,328,false,,tn,tn,tn,,0
BenchmarkTest00255,testcode/BenchmarkTest00255.py,hash,328,false,,tn,tn,tn,,0
BenchmarkTest00256,testcode/BenchmarkTest00256.py,xss,79,false,,tn,tn,tn,,0
BenchmarkTest00257,testcode/BenchmarkTest00257.py,xss,79,false,,tn,tn,tn,,0
BenchmarkTest00258,testcode/BenchmarkTest00258.py,redirect,601,true,,tp,fn,tp,AEG-A04-006;AEG-A08-006;AEG-SSRF-002,3
BenchmarkTest00259,testcode/BenchmarkTest00259.py,redirect,601,false,,fp,tn,fp,AEG-A04-006;AEG-A08-006;AEG-SSRF-002,3
BenchmarkTest00260,testcode/BenchmarkTest00260.py,trustbound,501,true,no_executed_cwe_rule,unscored,unscored,unscored,,0
BenchmarkTest00261,testcode/BenchmarkTest00261.py,trustbound,501,false,no_executed_cwe_rule,unscored,unscored,unscored,,0
BenchmarkTest00262,testcode/BenchmarkTest00262.py,trustbound,501,false,no_executed_cwe_rule,unscored,unscored,unscored,,0
BenchmarkTest00263,testcode/BenchmarkTest00263.py,codeinj,94,false,,fp,tn,fp,AEG-A03-007;AEG-EXEC-001,2
BenchmarkTest00264,testcode/BenchmarkTest00264.py,codeinj,94,false,,fp,tn,fp,AEG-A03-007;AEG-EXEC-001,2
BenchmarkTest00265,testcode/BenchmarkTest00265.py,ldapi,90,true,,fn,fn,fn,,0
BenchmarkTest00266,testcode/BenchmarkTest00266.py,ldapi,90,true,,fn,fn,fn,,0
BenchmarkTest00267,testcode/BenchmarkTest00267.py,cmdi,78,true,,fn,fn,fn,,0
BenchmarkTest00268,testcode/BenchmarkTest00268.py,cmdi,78,true,,fn,fn,fn,,0
BenchmarkTest00269,testcode/BenchmarkTest00269.py,deserialization,502,true,,tp,tp,fn,AEG-A08-004;AEG-DESER-006,2
BenchmarkTest00270,testcode/BenchmarkTest00270.py,deserialization,502,true,,tp,tp,fn,AEG-A08-004;AEG-DESER-006,2
BenchmarkTest00271,testcode/BenchmarkTest00271.py,deserialization,502,false,,tn,tn,tn,,0
BenchmarkTest00272,testcode/BenchmarkTest00272.py,xss,79,true,,fn,fn,fn,,0
BenchmarkTest00273,testcode/BenchmarkTest00273.py,pathtraver,22,true,,fn,fn,fn,,0
BenchmarkTest00274,testcode/BenchmarkTest00274.py,pathtraver,22,false,,tn,tn,tn,,0
BenchmarkTest00275,testcode/BenchmarkTest00275.py,pathtraver,22,false,,tn,tn,tn,,0
BenchmarkTest00276,testcode/BenchmarkTest00276.py,pathtraver,22,false,,tn,tn,tn,,0
BenchmarkTest00277,testcode/BenchmarkTest00277.py,pathtraver,22,true,,fn,fn,fn,,0
BenchmarkTest00278,testcode/BenchmarkTest00278.py,xss,79,true,,fn,fn,fn,,0
BenchmarkTest00279,testcode/BenchmarkTest00279.py,xss,79,false,,tn,tn,tn,,0
BenchmarkTest00280,testcode/BenchmarkTest00280.py,xss,79,false,,tn,tn,tn,,0
BenchmarkTest00281,testcode/BenchmarkTest00281.py,xss,79,true,,fn,fn,fn,,0
BenchmarkTest00282,testcode/BenchmarkTest00282.py,xss,79,false,,tn,tn,tn,,0
BenchmarkTest00283,testcode/BenchmarkTest00283.py,sqli,89,true,,fn,fn,fn,,0
BenchmarkTest00284,testcode/BenchmarkTest00284.py,sqli,89,true,,fn,fn,fn,,0
BenchmarkTest00285,testcode/BenchmarkTest00285.py,sqli,89,false,,tn,tn,tn,,0
BenchmarkTest00286,testcode/BenchmarkTest00286.py,sqli,89,false,,tn,tn,tn,,0
BenchmarkTest00287,testcode/BenchmarkTest00287.py,sqli,89,false,,tn,tn,tn,,0
BenchmarkTest00288,testcode/BenchmarkTest00288.py,xpathi,643,false,,tn,tn,tn,,0
BenchmarkTest00289,testcode/BenchmarkTest00289.py,xpathi,643,true,,fn,fn,fn,,0
BenchmarkTest00290,testcode/BenchmarkTest00290.py,xpathi,643,false,,tn,tn,tn,,0
BenchmarkTest00291,testcode/BenchmarkTest00291.py,xxe,611,false,,fp,fp,tn,AEG-A03-010;AEG-A05-004,3
BenchmarkTest00292,testcode/BenchmarkTest00292.py,xxe,611,false,,fp,fp,tn,AEG-A03-010;AEG-A05-004,3
BenchmarkTest00293,testcode/BenchmarkTest00293.py,xxe,611,false,,fp,fp,tn,AEG-A03-010;AEG-A05-004,3
BenchmarkTest00294,testcode/BenchmarkTest00294.py,xxe,611,true,,tp,tp,fn,AEG-A03-010;AEG-A05-004,3
BenchmarkTest00295,testcode/BenchmarkTest00295.py,xpathi,643,false,,fp,fp,tn,AEG-XPATH-001,1
BenchmarkTest00296,testcode/BenchmarkTest00296.py,xpathi,643,true,,tp,tp,fn,AEG-XPATH-001,1
BenchmarkTest00297,testcode/BenchmarkTest00297.py,xpathi,643,true,,fn,fn,fn,,0
BenchmarkTest00298,testcode/BenchmarkTest00298.py,xpathi,643,true,,fn,fn,fn,,0
BenchmarkTest00299,testcode/BenchmarkTest00299.py,xpathi,643,false,,tn,tn,tn,,0
BenchmarkTest00300,testcode/BenchmarkTest00300.py,xpathi,643,false,,tn,tn,tn,,0
BenchmarkTest00301,testcode/BenchmarkTest00301.py,xpathi,643,false,,tn,tn,tn,,0
BenchmarkTest00302,testcode/BenchmarkTest00302.py,xpathi,643,false,,tn,tn,tn,,0
BenchmarkTest00303,testcode/BenchmarkTest00303.py,xpathi,643,false,,tn,tn,tn,,0
BenchmarkTest00304,testcode/BenchmarkTest00304.py,xpathi,643,true,,fn,fn,fn,,0
BenchmarkTest00305,testcode/BenchmarkTest00305.py,weakrand,330,true,,fn,fn,fn,,0
BenchmarkTest00306,testcode/BenchmarkTest00306.py,weakrand,330,true,,fn,fn,fn,,0
BenchmarkTest00307,testcode/BenchmarkTest00307.py,weakrand,330,true,,fn,fn,fn,,0
BenchmarkTest00308,testcode/BenchmarkTest00308.py,weakrand,330,true,,fn,fn,fn,,0
BenchmarkTest00309,testcode/BenchmarkTest00309.py,weakrand,330,true,,tp,tp,fn,AEG-CRYPTO-002,1
BenchmarkTest00310,testcode/BenchmarkTest00310.py,weakrand,330,false,,tn,tn,tn,,0
BenchmarkTest00311,testcode/BenchmarkTest00311.py,weakrand,330,false,,tn,tn,tn,,0
BenchmarkTest00312,testcode/BenchmarkTest00312.py,weakrand,330,false,,tn,tn,tn,,0
BenchmarkTest00313,testcode/BenchmarkTest00313.py,weakrand,330,false,,tn,tn,tn,,0
BenchmarkTest00314,testcode/BenchmarkTest00314.py,weakrand,330,false,,tn,tn,tn,,0
BenchmarkTest00315,testcode/BenchmarkTest00315.py,weakrand,330,false,,tn,tn,tn,,0
BenchmarkTest00316,testcode/BenchmarkTest00316.py,weakrand,330,false,,tn,tn,tn,,0
BenchmarkTest00317,testcode/BenchmarkTest00317.py,weakrand,330,false,,tn,tn,tn,,0
BenchmarkTest00318,testcode/BenchmarkTest00318.py,weakrand,330,false,,tn,tn,tn,,0
BenchmarkTest00319,testcode/BenchmarkTest00319.py,hash,328,true,,tp,tp,fn,AEG-A02-002;AEG-CRYPTO-PY-002,2
BenchmarkTest00320,testcode/BenchmarkTest00320.py,hash,328,true,,tp,tp,fn,AEG-A02-003;AEG-CRYPTO-PY-002,2
BenchmarkTest00321,testcode/BenchmarkTest00321.py,hash,328,true,,tp,tp,fn,AEG-A02-003;AEG-CRYPTO-PY-002,2
BenchmarkTest00322,testcode/BenchmarkTest00322.py,hash,328,true,,tp,tp,fn,AEG-A02-003;AEG-CRYPTO-PY-002,2
BenchmarkTest00323,testcode/BenchmarkTest00323.py,hash,328,true,,tp,tp,fn,AEG-A02-003;AEG-CRYPTO-PY-002,2
BenchmarkTest00324,testcode/BenchmarkTest00324.py,hash,328,false,,tn,tn,tn,,0
BenchmarkTest00325,testcode/BenchmarkTest00325.py,hash,328,false,,tn,tn,tn,,0
BenchmarkTest00326,testcode/BenchmarkTest00326.py,hash,328,true,,tp,tp,fn,AEG-A02-002;AEG-CRYPTO-PY-002,2
BenchmarkTest00327,testcode/BenchmarkTest00327.py,hash,328,true,,tp,tp,fn,AEG-A02-002;AEG-CRYPTO-PY-002,2
BenchmarkTest00328,testcode/BenchmarkTest00328.py,hash,328,true,,tp,tp,fn,AEG-A02-003;AEG-CRYPTO-PY-002,2
BenchmarkTest00329,testcode/BenchmarkTest00329.py,hash,328,true,,tp,tp,fn,AEG-A02-003;AEG-CRYPTO-PY-002,2
BenchmarkTest00330,testcode/BenchmarkTest00330.py,hash,328,false,,tn,tn,tn,,0
BenchmarkTest00331,testcode/BenchmarkTest00331.py,hash,328,false,,tn,tn,tn,,0
BenchmarkTest00332,testcode/BenchmarkTest00332.py,hash,328,false,,tn,tn,tn,,0
BenchmarkTest00333,testcode/BenchmarkTest00333.py,hash,328,false,,tn,tn,tn,,0
BenchmarkTest00334,testcode/BenchmarkTest00334.py,xss,79,false,,tn,tn,tn,,0
BenchmarkTest00335,testcode/BenchmarkTest00335.py,xss,79,false,,tn,tn,tn,,0
BenchmarkTest00336,testcode/BenchmarkTest00336.py,securecookie,614,true,,tp,tp,fn,AEG-A05-005,1
BenchmarkTest00337,testcode/BenchmarkTest00337.py,securecookie,614,false,,fp,fp,tn,AEG-A05-005,1
BenchmarkTest00338,testcode/BenchmarkTest00338.py,trustbound,501,true,no_executed_cwe_rule,unscored,unscored,unscored,,0
BenchmarkTest00339,testcode/BenchmarkTest00339.py,trustbound,501,false,no_executed_cwe_rule,unscored,unscored,unscored,,0
BenchmarkTest00340,testcode/BenchmarkTest00340.py,trustbound,501,true,no_executed_cwe_rule,unscored,unscored,unscored,,0
BenchmarkTest00341,testcode/BenchmarkTest00341.py,trustbound,501,true,no_executed_cwe_rule,unscored,unscored,unscored,,0
BenchmarkTest00342,testcode/BenchmarkTest00342.py,codeinj,94,true,,tp,fn,tp,AEG-EXEC-001,1
BenchmarkTest00343,testcode/BenchmarkTest00343.py,codeinj,94,true,,fn,fn,fn,,0
BenchmarkTest00344,testcode/BenchmarkTest00344.py,codeinj,94,false,,tn,tn,tn,,0
BenchmarkTest00345,testcode/BenchmarkTest00345.py,codeinj,94,false,,tn,tn,tn,,0
BenchmarkTest00346,testcode/BenchmarkTest00346.py,codeinj,94,false,,fp,tn,fp,AEG-EXEC-001,1
BenchmarkTest00347,testcode/BenchmarkTest00347.py,codeinj,94,false,,tn,tn,tn,,0
BenchmarkTest00348,testcode/BenchmarkTest00348.py,ldapi,90,false,,tn,tn,tn,,0
BenchmarkTest00349,testcode/BenchmarkTest00349.py,deserialization,502,false,,fp,fp,tn,AEG-DESER-001,1
BenchmarkTest00350,testcode/BenchmarkTest00350.py,cmdi,78,false,,fp,fp,tn,AEG-A03-006;AEG-CMD-002,2
BenchmarkTest00351,testcode/BenchmarkTest00351.py,pathtraver,22,true,,tp,tp,fn,AEG-AC-PY-006,1
BenchmarkTest00352,testcode/BenchmarkTest00352.py,pathtraver,22,false,,fp,fp,tn,AEG-AC-PY-006,1
BenchmarkTest00353,testcode/BenchmarkTest00353.py,pathtraver,22,true,,tp,tp,fn,AEG-AC-PY-006,1
BenchmarkTest00354,testcode/BenchmarkTest00354.py,pathtraver,22,false,,fp,fp,tn,AEG-AC-PY-006,1
BenchmarkTest00355,testcode/BenchmarkTest00355.py,pathtraver,22,false,,fp,fp,fp,AEG-AC-PY-006;AEG-PATH-001,2
BenchmarkTest00356,testcode/BenchmarkTest00356.py,pathtraver,22,false,,fp,fp,tn,AEG-AC-PY-006,1
BenchmarkTest00357,testcode/BenchmarkTest00357.py,pathtraver,22,true,,fn,fn,fn,,0
BenchmarkTest00358,testcode/BenchmarkTest00358.py,pathtraver,22,false,,fp,fp,tn,AEG-AC-PY-006,1
BenchmarkTest00359,testcode/BenchmarkTest00359.py,pathtraver,22,false,,fp,fp,tn,AEG-AC-PY-006,1
BenchmarkTest00360,testcode/BenchmarkTest00360.py,pathtraver,22,false,,fp,fp,tn,AEG-AC-PY-006,1
BenchmarkTest00361,testcode/BenchmarkTest00361.py,pathtraver,22,false,,fp,fp,tn,AEG-AC-PY-006,1
BenchmarkTest00362,testcode/BenchmarkTest00362.py,xss,79,true,,fn,fn,fn,,0
BenchmarkTest00363,testcode/BenchmarkTest00363.py,xss,79,false,,tn,tn,tn,,0
BenchmarkTest00364,testcode/BenchmarkTest00364.py,xss,79,false,,tn,tn,tn,,0
BenchmarkTest00365,testcode/BenchmarkTest00365.py,xss,79,true,,fn,fn,fn,,0
BenchmarkTest00366,testcode/BenchmarkTest00366.py,xss,79,true,,fn,fn,fn,,0
BenchmarkTest00367,testcode/BenchmarkTest00367.py,xss,79,false,,tn,tn,tn,,0
BenchmarkTest00368,testcode/BenchmarkTest00368.py,xpathi,643,true,,fn,fn,fn,,0
BenchmarkTest00369,testcode/BenchmarkTest00369.py,xpathi,643,false,,tn,tn,tn,,0
BenchmarkTest00370,testcode/BenchmarkTest00370.py,xpathi,643,true,,fn,fn,fn,,0
BenchmarkTest00371,testcode/BenchmarkTest00371.py,xpathi,643,false,,tn,tn,tn,,0
BenchmarkTest00372,testcode/BenchmarkTest00372.py,xpathi,643,true,,fn,fn,fn,,0
BenchmarkTest00373,testcode/BenchmarkTest00373.py,xpathi,643,true,,fn,fn,fn,,0
BenchmarkTest00374,testcode/BenchmarkTest00374.py,xpathi,643,true,,tp,tp,fn,AEG-XPATH-001,1
BenchmarkTest00375,testcode/BenchmarkTest00375.py,xpathi,643,false,,tn,tn,tn,,0
BenchmarkTest00376,testcode/BenchmarkTest00376.py,xpathi,643,false,,tn,tn,tn,,0
BenchmarkTest00377,testcode/BenchmarkTest00377.py,xpathi,643,false,,tn,tn,tn,,0
BenchmarkTest00378,testcode/BenchmarkTest00378.py,xpathi,643,false,,tn,tn,tn,,0
BenchmarkTest00379,testcode/BenchmarkTest00379.py,xpathi,643,false,,tn,tn,tn,,0
BenchmarkTest00380,testcode/BenchmarkTest00380.py,xpathi,643,false,,tn,tn,tn,,0
BenchmarkTest00381,testcode/BenchmarkTest00381.py,weakrand,330,true,,fn,fn,fn,,0
BenchmarkTest00382,testcode/BenchmarkTest00382.py,weakrand,330,true,,fn,fn,fn,,0
BenchmarkTest00383,testcode/BenchmarkTest00383.py,weakrand,330,true,,fn,fn,fn,,0
BenchmarkTest00384,testcode/BenchmarkTest00384.py,weakrand,330,true,,fn,fn,fn,,0
BenchmarkTest00385,testcode/BenchmarkTest00385.py,weakrand,330,true,,tp,tp,fn,AEG-CRYPTO-002,1
BenchmarkTest00386,testcode/BenchmarkTest00386.py,weakrand,330,false,,tn,tn,tn,,0
BenchmarkTest00387,testcode/BenchmarkTest00387.py,weakrand,330,false,,tn,tn,tn,,0
BenchmarkTest00388,testcode/BenchmarkTest00388.py,weakrand,330,false,,tn,tn,tn,,0
BenchmarkTest00389,testcode/BenchmarkTest00389.py,weakrand,330,false,,tn,tn,tn,,0
BenchmarkTest00390,testcode/BenchmarkTest00390.py,weakrand,330,false,,tn,tn,tn,,0
BenchmarkTest00391,testcode/BenchmarkTest00391.py,weakrand,330,false,,tn,tn,tn,,0
BenchmarkTest00392,testcode/BenchmarkTest00392.py,weakrand,330,false,,tn,tn,tn,,0
BenchmarkTest00393,testcode/BenchmarkTest00393.py,weakrand,330,false,,tn,tn,tn,,0
BenchmarkTest00394,testcode/BenchmarkTest00394.py,weakrand,330,false,,tn,tn,tn,,0
BenchmarkTest00395,testcode/BenchmarkTest00395.py,weakrand,330,false,,tn,tn,tn,,0
BenchmarkTest00396,testcode/BenchmarkTest00396.py,weakrand,330,false,,tn,tn,tn,,0
BenchmarkTest00397,testcode/BenchmarkTest00397.py,weakrand,330,false,,tn,tn,tn,,0
BenchmarkTest00398,testcode/BenchmarkTest00398.py,weakrand,330,false,,tn,tn,tn,,0
BenchmarkTest00399,testcode/BenchmarkTest00399.py,weakrand,330,false,,tn,tn,tn,,0
BenchmarkTest00400,testcode/BenchmarkTest00400.py,weakrand,330,false,,tn,tn,tn,,0
BenchmarkTest00401,testcode/BenchmarkTest00401.py,weakrand,330,false,,tn,tn,tn,,0
BenchmarkTest00402,testcode/BenchmarkTest00402.py,weakrand,330,false,,tn,tn,tn,,0
BenchmarkTest00403,testcode/BenchmarkTest00403.py,weakrand,330,false,,tn,tn,tn,,0
BenchmarkTest00404,testcode/BenchmarkTest00404.py,weakrand,330,false,,tn,tn,tn,,0
BenchmarkTest00405,testcode/BenchmarkTest00405.py,weakrand,330,false,,tn,tn,tn,,0
BenchmarkTest00406,testcode/BenchmarkTest00406.py,weakrand,330,false,,tn,tn,tn,,0
BenchmarkTest00407,testcode/BenchmarkTest00407.py,weakrand,330,false,,tn,tn,tn,,0
BenchmarkTest00408,testcode/BenchmarkTest00408.py,weakrand,330,false,,tn,tn,tn,,0
BenchmarkTest00409,testcode/BenchmarkTest00409.py,hash,328,true,,tp,tp,fn,AEG-A02-002;AEG-CRYPTO-PY-002,2
BenchmarkTest00410,testcode/BenchmarkTest00410.py,hash,328,true,,tp,tp,fn,AEG-A02-003;AEG-CRYPTO-PY-002,2
BenchmarkTest00411,testcode/BenchmarkTest00411.py,hash,328,false,,tn,tn,tn,,0
BenchmarkTest00412,testcode/BenchmarkTest00412.py,hash,328,true,,tp,tp,fn,AEG-A02-002;AEG-CRYPTO-PY-002,2
BenchmarkTest00413,testcode/BenchmarkTest00413.py,hash,328,false,,tn,tn,tn,,0
BenchmarkTest00414,testcode/BenchmarkTest00414.py,xss,79,false,,tn,tn,tn,,0
BenchmarkTest00415,testcode/BenchmarkTest00415.py,securecookie,614,false,,fp,fp,tn,AEG-A05-005,1
BenchmarkTest00416,testcode/BenchmarkTest00416.py,securecookie,614,false,,fp,fp,tn,AEG-A05-005,1
BenchmarkTest00417,testcode/BenchmarkTest00417.py,redirect,601,false,,tn,tn,tn,,0
BenchmarkTest00418,testcode/BenchmarkTest00418.py,redirect,601,true,,fn,fn,fn,,0
BenchmarkTest00419,testcode/BenchmarkTest00419.py,redirect,601,false,,tn,tn,tn,,0
BenchmarkTest00420,testcode/BenchmarkTest00420.py,redirect,601,false,,tn,tn,tn,,0
BenchmarkTest00421,testcode/BenchmarkTest00421.py,trustbound,501,false,no_executed_cwe_rule,unscored,unscored,unscored,,0
BenchmarkTest00422,testcode/BenchmarkTest00422.py,codeinj,94,true,,fn,fn,fn,,0
BenchmarkTest00423,testcode/BenchmarkTest00423.py,codeinj,94,false,,tn,tn,tn,,0
BenchmarkTest00424,testcode/BenchmarkTest00424.py,codeinj,94,false,,tn,tn,tn,,0
BenchmarkTest00425,testcode/BenchmarkTest00425.py,codeinj,94,true,,fn,fn,fn,,0
BenchmarkTest00426,testcode/BenchmarkTest00426.py,codeinj,94,false,,tn,tn,tn,,0
BenchmarkTest00427,testcode/BenchmarkTest00427.py,ldapi,90,true,,fn,fn,fn,,0
BenchmarkTest00428,testcode/BenchmarkTest00428.py,ldapi,90,false,,tn,tn,tn,,0
BenchmarkTest00429,testcode/BenchmarkTest00429.py,ldapi,90,true,,fn,fn,fn,,0
BenchmarkTest00430,testcode/BenchmarkTest00430.py,ldapi,90,true,,fn,fn,fn,,0
BenchmarkTest00431,testcode/BenchmarkTest00431.py,cmdi,78,true,,tp,tp,fn,AEG-A03-006;AEG-CMD-002,2
BenchmarkTest00432,testcode/BenchmarkTest00432.py,cmdi,78,true,,tp,tp,fn,AEG-A03-006;AEG-CMD-002,2
BenchmarkTest00433,testcode/BenchmarkTest00433.py,deserialization,502,true,,tp,tp,fn,AEG-A08-004;AEG-DESER-006,2
BenchmarkTest00434,testcode/BenchmarkTest00434.py,deserialization,502,false,,tn,tn,tn,,0
BenchmarkTest00435,testcode/BenchmarkTest00435.py,deserialization,502,false,,tn,tn,tn,,0
BenchmarkTest00436,testcode/BenchmarkTest00436.py,xss,79,false,,tn,tn,tn,,0
BenchmarkTest00437,testcode/BenchmarkTest00437.py,xss,79,false,,tn,tn,tn,,0
BenchmarkTest00438,testcode/BenchmarkTest00438.py,pathtraver,22,true,,fn,fn,fn,,0
BenchmarkTest00439,testcode/BenchmarkTest00439.py,pathtraver,22,true,,fn,fn,fn,,0
BenchmarkTest00440,testcode/BenchmarkTest00440.py,pathtraver,22,false,,tn,tn,tn,,0
BenchmarkTest00441,testcode/BenchmarkTest00441.py,pathtraver,22,false,,tn,tn,tn,,0
BenchmarkTest00442,testcode/BenchmarkTest00442.py,pathtraver,22,false,,tn,tn,tn,,0
BenchmarkTest00443,testcode/BenchmarkTest00443.py,pathtraver,22,false,,tn,tn,tn,,0
BenchmarkTest00444,testcode/BenchmarkTest00444.py,pathtraver,22,true,,fn,fn,fn,,0
BenchmarkTest00445,testcode/BenchmarkTest00445.py,pathtraver,22,true,,fn,fn,fn,,0
BenchmarkTest00446,testcode/BenchmarkTest00446.py,pathtraver,22,false,,tn,tn,tn,,0
BenchmarkTest00447,testcode/BenchmarkTest00447.py,pathtraver,22,false,,tn,tn,tn,,0
BenchmarkTest00448,testcode/BenchmarkTest00448.py,pathtraver,22,false,,tn,tn,tn,,0
BenchmarkTest00449,testcode/BenchmarkTest00449.py,pathtraver,22,true,,fn,fn,fn,,0
BenchmarkTest00450,testcode/BenchmarkTest00450.py,xss,79,true,,fn,fn,fn,,0
BenchmarkTest00451,testcode/BenchmarkTest00451.py,xss,79,true,,fn,fn,fn,,0
BenchmarkTest00452,testcode/BenchmarkTest00452.py,xss,79,false,,tn,tn,tn,,0
BenchmarkTest00453,testcode/BenchmarkTest00453.py,xss,79,true,,fn,fn,fn,,0
BenchmarkTest00454,testcode/BenchmarkTest00454.py,sqli,89,true,,fn,fn,fn,,0
BenchmarkTest00455,testcode/BenchmarkTest00455.py,sqli,89,true,,fn,fn,fn,,0
BenchmarkTest00456,testcode/BenchmarkTest00456.py,xpathi,643,true,,fn,fn,fn,,0
BenchmarkTest00457,testcode/BenchmarkTest00457.py,xpathi,643,false,,tn,tn,tn,,0
BenchmarkTest00458,testcode/BenchmarkTest00458.py,xpathi,643,false,,tn,tn,tn,,0
BenchmarkTest00459,testcode/BenchmarkTest00459.py,xxe,611,false,,fp,fp,tn,AEG-A03-010;AEG-A05-004,3
BenchmarkTest00460,testcode/BenchmarkTest00460.py,xxe,611,true,,tp,tp,fn,AEG-A03-010;AEG-A05-004,3
BenchmarkTest00461,testcode/BenchmarkTest00461.py,xxe,611,false,,fp,fp,tn,AEG-A03-010;AEG-A05-004,3
BenchmarkTest00462,testcode/BenchmarkTest00462.py,xxe,611,true,,tp,tp,fn,AEG-A03-010;AEG-A05-004,3
BenchmarkTest00463,testcode/BenchmarkTest00463.py,xpathi,643,true,,fn,fn,fn,,0
BenchmarkTest00464,testcode/BenchmarkTest00464.py,xpathi,643,true,,fn,fn,fn,,0
BenchmarkTest00465,testcode/BenchmarkTest00465.py,xpathi,643,false,,tn,tn,tn,,0
BenchmarkTest00466,testcode/BenchmarkTest00466.py,xpathi,643,true,,tp,tp,fn,AEG-XPATH-001,1
BenchmarkTest00467,testcode/BenchmarkTest00467.py,xpathi,643,false,,tn,tn,tn,,0
BenchmarkTest00468,testcode/BenchmarkTest00468.py,xpathi,643,false,,tn,tn,tn,,0
BenchmarkTest00469,testcode/BenchmarkTest00469.py,xpathi,643,false,,tn,tn,tn,,0
BenchmarkTest00470,testcode/BenchmarkTest00470.py,xpathi,643,false,,tn,tn,tn,,0
BenchmarkTest00471,testcode/BenchmarkTest00471.py,xpathi,643,false,,tn,tn,tn,,0
BenchmarkTest00472,testcode/BenchmarkTest00472.py,xpathi,643,true,,fn,fn,fn,,0
BenchmarkTest00473,testcode/BenchmarkTest00473.py,weakrand,330,true,,fn,fn,fn,,0
BenchmarkTest00474,testcode/BenchmarkTest00474.py,weakrand,330,true,,fn,fn,fn,,0
BenchmarkTest00475,testcode/BenchmarkTest00475.py,weakrand,330,true,,fn,fn,fn,,0
BenchmarkTest00476,testcode/BenchmarkTest00476.py,weakrand,330,true,,tp,tp,fn,AEG-CRYPTO-002,1
BenchmarkTest00477,testcode/BenchmarkTest00477.py,weakrand,330,false,,tn,tn,tn,,0
BenchmarkTest00478,testcode/BenchmarkTest00478.py,weakrand,330,false,,tn,tn,tn,,0
BenchmarkTest00479,testcode/BenchmarkTest00479.py,weakrand,330,false,,tn,tn,tn,,0
BenchmarkTest00480,testcode/BenchmarkTest00480.py,weakrand,330,false,,tn,tn,tn,,0
BenchmarkTest00481,testcode/BenchmarkTest00481.py,weakrand,330,false,,tn,tn,tn,,0
BenchmarkTest00482,testcode/BenchmarkTest00482.py,hash,328,true,,tp,tp,fn,AEG-A02-002;AEG-CRYPTO-PY-002,2
BenchmarkTest00483,testcode/BenchmarkTest00483.py,hash,328,true,,tp,tp,fn,AEG-A02-003;AEG-CRYPTO-PY-002,2
BenchmarkTest00484,testcode/BenchmarkTest00484.py,hash,328,true,,tp,tp,fn,AEG-A02-003;AEG-CRYPTO-PY-002,2
BenchmarkTest00485,testcode/BenchmarkTest00485.py,hash,328,true,,tp,tp,fn,AEG-A02-003;AEG-CRYPTO-PY-002,2
BenchmarkTest00486,testcode/BenchmarkTest00486.py,hash,328,false,,tn,tn,tn,,0
BenchmarkTest00487,testcode/BenchmarkTest00487.py,hash,328,false,,tn,tn,tn,,0
BenchmarkTest00488,testcode/BenchmarkTest00488.py,hash,328,false,,tn,tn,tn,,0
BenchmarkTest00489,testcode/BenchmarkTest00489.py,hash,328,true,,tp,tp,fn,AEG-A02-002;AEG-CRYPTO-PY-002,2
BenchmarkTest00490,testcode/BenchmarkTest00490.py,hash,328,false,,tn,tn,tn,,0
BenchmarkTest00491,testcode/BenchmarkTest00491.py,hash,328,false,,tn,tn,tn,,0
BenchmarkTest00492,testcode/BenchmarkTest00492.py,hash,328,false,,tn,tn,tn,,0
BenchmarkTest00493,testcode/BenchmarkTest00493.py,xss,79,false,,tn,tn,tn,,0
BenchmarkTest00494,testcode/BenchmarkTest00494.py,securecookie,614,true,,tp,tp,fn,AEG-A05-005,1
BenchmarkTest00495,testcode/BenchmarkTest00495.py,redirect,601,true,,fn,fn,fn,,0
BenchmarkTest00496,testcode/BenchmarkTest00496.py,redirect,601,true,,fn,fn,fn,,0
BenchmarkTest00497,testcode/BenchmarkTest00497.py,trustbound,501,true,no_executed_cwe_rule,unscored,unscored,unscored,,0
BenchmarkTest00498,testcode/BenchmarkTest00498.py,trustbound,501,false,no_executed_cwe_rule,unscored,unscored,unscored,,0
BenchmarkTest00499,testcode/BenchmarkTest00499.py,trustbound,501,true,no_executed_cwe_rule,unscored,unscored,unscored,,0
BenchmarkTest00500,testcode/BenchmarkTest00500.py,trustbound,501,false,no_executed_cwe_rule,unscored,unscored,unscored,,0
BenchmarkTest00501,testcode/BenchmarkTest00501.py,trustbound,501,true,no_executed_cwe_rule,unscored,unscored,unscored,,0
BenchmarkTest00502,testcode/BenchmarkTest00502.py,trustbound,501,true,no_executed_cwe_rule,unscored,unscored,unscored,,0
BenchmarkTest00503,testcode/BenchmarkTest00503.py,codeinj,94,true,,fn,fn,fn,,0
BenchmarkTest00504,testcode/BenchmarkTest00504.py,codeinj,94,false,,tn,tn,tn,,0
BenchmarkTest00505,testcode/BenchmarkTest00505.py,ldapi,90,true,,fn,fn,fn,,0
BenchmarkTest00506,testcode/BenchmarkTest00506.py,ldapi,90,true,,fn,fn,fn,,0
BenchmarkTest00507,testcode/BenchmarkTest00507.py,deserialization,502,true,,tp,tp,fn,AEG-DESER-001,1
BenchmarkTest00508,testcode/BenchmarkTest00508.py,deserialization,502,false,,fp,fp,tn,AEG-DESER-001,1
BenchmarkTest00509,testcode/BenchmarkTest00509.py,deserialization,502,false,,fp,fp,tn,AEG-DESER-001,1
BenchmarkTest00510,testcode/BenchmarkTest00510.py,deserialization,502,true,,tp,tp,fn,AEG-DESER-001,1
BenchmarkTest00511,testcode/BenchmarkTest00511.py,cmdi,78,true,,fn,fn,fn,,0
BenchmarkTest00512,testcode/BenchmarkTest00512.py,cmdi,78,false,,fp,fp,fp,AEG-A03-006;AEG-CMD-001;AEG-CMD-002,3
BenchmarkTest00513,testcode/BenchmarkTest00513.py,deserialization,502,false,,fp,fp,tn,AEG-A08-004;AEG-DESER-006,2
BenchmarkTest00514,testcode/BenchmarkTest00514.py,deserialization,502,false,,tn,tn,tn,,0
BenchmarkTest00515,testcode/BenchmarkTest00515.py,xss,79,true,,fn,fn,fn,,0
BenchmarkTest00516,testcode/BenchmarkTest00516.py,pathtraver,22,true,,fn,fn,fn,,0
BenchmarkTest00517,testcode/BenchmarkTest00517.py,pathtraver,22,true,,fn,fn,fn,,0
BenchmarkTest00518,testcode/BenchmarkTest00518.py,pathtraver,22,false,,tn,tn,tn,,0
BenchmarkTest00519,testcode/BenchmarkTest00519.py,pathtraver,22,false,,tn,tn,tn,,0
BenchmarkTest00520,testcode/BenchmarkTest00520.py,pathtraver,22,false,,tn,tn,tn,,0
BenchmarkTest00521,testcode/BenchmarkTest00521.py,pathtraver,22,false,,tn,tn,tn,,0
BenchmarkTest00522,testcode/BenchmarkTest00522.py,pathtraver,22,false,,fp,tn,fp,AEG-PATH-001,1
BenchmarkTest00523,testcode/BenchmarkTest00523.py,pathtraver,22,true,,fn,fn,fn,,0
BenchmarkTest00524,testcode/BenchmarkTest00524.py,pathtraver,22,false,,tn,tn,tn,,0
BenchmarkTest00525,testcode/BenchmarkTest00525.py,pathtraver,22,false,,tn,tn,tn,,0
BenchmarkTest00526,testcode/BenchmarkTest00526.py,pathtraver,22,true,,fn,fn,fn,,0
BenchmarkTest00527,testcode/BenchmarkTest00527.py,pathtraver,22,false,,tn,tn,tn,,0
BenchmarkTest00528,testcode/BenchmarkTest00528.py,pathtraver,22,false,,tn,tn,tn,,0
BenchmarkTest00529,testcode/BenchmarkTest00529.py,pathtraver,22,true,,fn,fn,fn,,0
BenchmarkTest00530,testcode/BenchmarkTest00530.py,pathtraver,22,false,,fp,tn,fp,AEG-PATH-001,1
BenchmarkTest00531,testcode/BenchmarkTest00531.py,xss,79,true,,fn,fn,fn,,0
BenchmarkTest00532,testcode/BenchmarkTest00532.py,xss,79,true,,fn,fn,fn,,0
BenchmarkTest00533,testcode/BenchmarkTest00533.py,xss,79,true,,fn,fn,fn,,0
BenchmarkTest00534,testcode/BenchmarkTest00534.py,xpathi,643,true,,fn,fn,fn,,0
BenchmarkTest00535,testcode/BenchmarkTest00535.py,xpathi,643,true,,fn,fn,fn,,0
BenchmarkTest00536,testcode/BenchmarkTest00536.py,xpathi,643,true,,fn,fn,fn,,0
BenchmarkTest00537,testcode/BenchmarkTest00537.py,xpathi,643,false,,tn,tn,tn,,0
BenchmarkTest00538,testcode/BenchmarkTest00538.py,xxe,611,false,,fp,fp,tn,AEG-A03-010;AEG-A05-004,3
BenchmarkTest00539,testcode/BenchmarkTest00539.py,xxe,611,false,,fp,fp,tn,AEG-A03-010;AEG-A05-004,3
BenchmarkTest00540,testcode/BenchmarkTest00540.py,xxe,611,false,,fp,fp,tn,AEG-A03-010;AEG-A05-004,3
BenchmarkTest00541,testcode/BenchmarkTest00541.py,xxe,611,true,,tp,tp,fn,AEG-A03-010;AEG-A05-004,3
BenchmarkTest00542,testcode/BenchmarkTest00542.py,xpathi,643,false,,tn,tn,tn,,0
BenchmarkTest00543,testcode/BenchmarkTest00543.py,xpathi,643,true,,fn,fn,fn,,0
BenchmarkTest00544,testcode/BenchmarkTest00544.py,xpathi,643,false,,tn,tn,tn,,0
BenchmarkTest00545,testcode/BenchmarkTest00545.py,xpathi,643,true,,tp,tp,fn,AEG-XPATH-001,1
BenchmarkTest00546,testcode/BenchmarkTest00546.py,xpathi,643,true,,tp,tp,fn,AEG-XPATH-001,1
BenchmarkTest00547,testcode/BenchmarkTest00547.py,xpathi,643,false,,tn,tn,tn,,0
BenchmarkTest00548,testcode/BenchmarkTest00548.py,xpathi,643,false,,tn,tn,tn,,0
BenchmarkTest00549,testcode/BenchmarkTest00549.py,xpathi,643,false,,tn,tn,tn,,0
BenchmarkTest00550,testcode/BenchmarkTest00550.py,xpathi,643,false,,tn,tn,tn,,0
BenchmarkTest00551,testcode/BenchmarkTest00551.py,xpathi,643,false,,tn,tn,tn,,0
BenchmarkTest00552,testcode/BenchmarkTest00552.py,xpathi,643,false,,tn,tn,tn,,0
BenchmarkTest00553,testcode/BenchmarkTest00553.py,xpathi,643,false,,tn,tn,tn,,0
BenchmarkTest00554,testcode/BenchmarkTest00554.py,xpathi,643,true,,fn,fn,fn,,0
BenchmarkTest00555,testcode/BenchmarkTest00555.py,xpathi,643,true,,fn,fn,fn,,0
BenchmarkTest00556,testcode/BenchmarkTest00556.py,weakrand,330,true,,fn,fn,fn,,0
BenchmarkTest00557,testcode/BenchmarkTest00557.py,weakrand,330,true,,fn,fn,fn,,0
BenchmarkTest00558,testcode/BenchmarkTest00558.py,weakrand,330,true,,fn,fn,fn,,0
BenchmarkTest00559,testcode/BenchmarkTest00559.py,weakrand,330,true,,fn,fn,fn,,0
BenchmarkTest00560,testcode/BenchmarkTest00560.py,weakrand,330,true,,fn,fn,fn,,0
BenchmarkTest00561,testcode/BenchmarkTest00561.py,weakrand,330,true,,tp,tp,fn,AEG-CRYPTO-002,1
BenchmarkTest00562,testcode/BenchmarkTest00562.py,weakrand,330,true,,tp,tp,fn,AEG-CRYPTO-002,1
BenchmarkTest00563,testcode/BenchmarkTest00563.py,weakrand,330,true,,tp,tp,fn,AEG-CRYPTO-002,1
BenchmarkTest00564,testcode/BenchmarkTest00564.py,weakrand,330,true,,tp,tp,fn,AEG-CRYPTO-002,1
BenchmarkTest00565,testcode/BenchmarkTest00565.py,weakrand,330,false,,tn,tn,tn,,0
BenchmarkTest00566,testcode/BenchmarkTest00566.py,weakrand,330,false,,tn,tn,tn,,0
BenchmarkTest00567,testcode/BenchmarkTest00567.py,weakrand,330,false,,tn,tn,tn,,0
BenchmarkTest00568,testcode/BenchmarkTest00568.py,weakrand,330,false,,tn,tn,tn,,0
BenchmarkTest00569,testcode/BenchmarkTest00569.py,weakrand,330,false,,tn,tn,tn,,0
BenchmarkTest00570,testcode/BenchmarkTest00570.py,weakrand,330,false,,tn,tn,tn,,0
BenchmarkTest00571,testcode/BenchmarkTest00571.py,weakrand,330,false,,tn,tn,tn,,0
BenchmarkTest00572,testcode/BenchmarkTest00572.py,weakrand,330,false,,tn,tn,tn,,0
BenchmarkTest00573,testcode/BenchmarkTest00573.py,weakrand,330,false,,tn,tn,tn,,0
BenchmarkTest00574,testcode/BenchmarkTest00574.py,weakrand,330,false,,tn,tn,tn,,0
BenchmarkTest00575,testcode/BenchmarkTest00575.py,weakrand,330,false,,tn,tn,tn,,0
BenchmarkTest00576,testcode/BenchmarkTest00576.py,weakrand,330,false,,tn,tn,tn,,0
BenchmarkTest00577,testcode/BenchmarkTest00577.py,weakrand,330,false,,tn,tn,tn,,0
BenchmarkTest00578,testcode/BenchmarkTest00578.py,weakrand,330,false,,tn,tn,tn,,0
BenchmarkTest00579,testcode/BenchmarkTest00579.py,weakrand,330,false,,tn,tn,tn,,0
BenchmarkTest00580,testcode/BenchmarkTest00580.py,hash,328,true,,tp,tp,fn,AEG-A02-002;AEG-CRYPTO-PY-002,2
BenchmarkTest00581,testcode/BenchmarkTest00581.py,hash,328,true,,tp,tp,fn,AEG-A02-003;AEG-CRYPTO-PY-002,2
BenchmarkTest00582,testcode/BenchmarkTest00582.py,hash,328,true,,tp,tp,fn,AEG-A02-003;AEG-CRYPTO-PY-002,2
BenchmarkTest00583,testcode/BenchmarkTest00583.py,hash,328,true,,tp,tp,fn,AEG-A02-003;AEG-CRYPTO-PY-002,2
BenchmarkTest00584,testcode/BenchmarkTest00584.py,hash,328,false,,tn,tn,tn,,0
BenchmarkTest00585,testcode/BenchmarkTest00585.py,hash,328,true,,tp,tp,fn,AEG-A02-003;AEG-CRYPTO-PY-002,2
BenchmarkTest00586,testcode/BenchmarkTest00586.py,hash,328,true,,tp,tp,fn,AEG-A02-003;AEG-CRYPTO-PY-002,2
BenchmarkTest00587,testcode/BenchmarkTest00587.py,hash,328,false,,tn,tn,tn,,0
BenchmarkTest00588,testcode/BenchmarkTest00588.py,hash,328,false,,tn,tn,tn,,0
BenchmarkTest00589,testcode/BenchmarkTest00589.py,hash,328,false,,tn,tn,tn,,0
BenchmarkTest00590,testcode/BenchmarkTest00590.py,hash,328,false,,tn,tn,tn,,0
BenchmarkTest00591,testcode/BenchmarkTest00591.py,xss,79,false,,tn,tn,tn,,0
BenchmarkTest00592,testcode/BenchmarkTest00592.py,securecookie,614,true,,tp,tp,fn,AEG-A05-005,1
BenchmarkTest00593,testcode/BenchmarkTest00593.py,securecookie,614,true,,tp,tp,fn,AEG-A05-005,1
BenchmarkTest00594,testcode/BenchmarkTest00594.py,securecookie,614,false,,fp,fp,tn,AEG-A05-005,1
BenchmarkTest00595,testcode/BenchmarkTest00595.py,securecookie,614,false,,fp,fp,tn,AEG-A05-005,1
BenchmarkTest00596,testcode/BenchmarkTest00596.py,redirect,601,true,,fn,fn,fn,,0
BenchmarkTest00597,testcode/BenchmarkTest00597.py,redirect,601,false,,tn,tn,tn,,0
BenchmarkTest00598,testcode/BenchmarkTest00598.py,redirect,601,false,,fp,tn,fp,AEG-A04-006,1
BenchmarkTest00599,testcode/BenchmarkTest00599.py,codeinj,94,true,,fn,fn,fn,,0
BenchmarkTest00600,testcode/BenchmarkTest00600.py,codeinj,94,false,,fp,tn,fp,AEG-A03-007;AEG-EXEC-001,2
BenchmarkTest00601,testcode/BenchmarkTest00601.py,codeinj,94,true,,tp,fn,tp,AEG-A03-007;AEG-EXEC-001,2
BenchmarkTest00602,testcode/BenchmarkTest00602.py,codeinj,94,false,,fp,tn,fp,AEG-EXEC-001,1
BenchmarkTest00603,testcode/BenchmarkTest00603.py,codeinj,94,false,,tn,tn,tn,,0
BenchmarkTest00604,testcode/BenchmarkTest00604.py,ldapi,90,true,,fn,fn,fn,,0
BenchmarkTest00605,testcode/BenchmarkTest00605.py,deserialization,502,true,,tp,tp,fn,AEG-DESER-001,1
BenchmarkTest00606,testcode/BenchmarkTest00606.py,cmdi,78,true,,tp,tp,tp,AEG-A03-006;AEG-CMD-001;AEG-CMD-002;AEG-RCE-PY-003,4
BenchmarkTest00607,testcode/BenchmarkTest00607.py,cmdi,78,true,,tp,tp,fn,AEG-A03-006;AEG-CMD-002,2
BenchmarkTest00608,testcode/BenchmarkTest00608.py,deserialization,502,false,,fp,fp,tn,AEG-A08-004;AEG-DESER-006,2
BenchmarkTest00609,testcode/BenchmarkTest00609.py,deserialization,502,false,,tn,tn,tn,,0
BenchmarkTest00610,testcode/BenchmarkTest00610.py,pathtraver,22,true,,fn,fn,fn,,0
BenchmarkTest00611,testcode/BenchmarkTest00611.py,pathtraver,22,false,,tn,tn,tn,,0
BenchmarkTest00612,testcode/BenchmarkTest00612.py,pathtraver,22,true,,fn,fn,fn,,0
BenchmarkTest00613,testcode/BenchmarkTest00613.py,pathtraver,22,true,,tp,fn,tp,AEG-PATH-001,1
BenchmarkTest00614,testcode/BenchmarkTest00614.py,pathtraver,22,false,,tn,tn,tn,,0
BenchmarkTest00615,testcode/BenchmarkTest00615.py,pathtraver,22,true,,fn,fn,fn,,0
BenchmarkTest00616,testcode/BenchmarkTest00616.py,pathtraver,22,false,,tn,tn,tn,,0
BenchmarkTest00617,testcode/BenchmarkTest00617.py,pathtraver,22,false,,tn,tn,tn,,0
BenchmarkTest00618,testcode/BenchmarkTest00618.py,pathtraver,22,true,,tp,fn,tp,AEG-PATH-001,1
BenchmarkTest00619,testcode/BenchmarkTest00619.py,pathtraver,22,true,,fn,fn,fn,,0
BenchmarkTest00620,testcode/BenchmarkTest00620.py,pathtraver,22,true,,fn,fn,fn,,0
BenchmarkTest00621,testcode/BenchmarkTest00621.py,weakrand,330,true,,fn,fn,fn,,0
BenchmarkTest00622,testcode/BenchmarkTest00622.py,weakrand,330,true,,fn,fn,fn,,0
BenchmarkTest00623,testcode/BenchmarkTest00623.py,weakrand,330,true,,fn,fn,fn,,0
BenchmarkTest00624,testcode/BenchmarkTest00624.py,weakrand,330,true,,fn,fn,fn,,0
BenchmarkTest00625,testcode/BenchmarkTest00625.py,weakrand,330,true,,fn,fn,fn,,0
BenchmarkTest00626,testcode/BenchmarkTest00626.py,weakrand,330,true,,fn,fn,fn,,0
BenchmarkTest00627,testcode/BenchmarkTest00627.py,weakrand,330,true,,tp,tp,fn,AEG-CRYPTO-002,1
BenchmarkTest00628,testcode/BenchmarkTest00628.py,weakrand,330,true,,tp,tp,fn,AEG-CRYPTO-002,1
BenchmarkTest00629,testcode/BenchmarkTest00629.py,weakrand,330,false,,tn,tn,tn,,0
BenchmarkTest00630,testcode/BenchmarkTest00630.py,weakrand,330,false,,tn,tn,tn,,0
BenchmarkTest00631,testcode/BenchmarkTest00631.py,weakrand,330,false,,tn,tn,tn,,0
BenchmarkTest00632,testcode/BenchmarkTest00632.py,weakrand,330,false,,tn,tn,tn,,0
BenchmarkTest00633,testcode/BenchmarkTest00633.py,weakrand,330,false,,tn,tn,tn,,0
BenchmarkTest00634,testcode/BenchmarkTest00634.py,weakrand,330,false,,tn,tn,tn,,0
BenchmarkTest00635,testcode/BenchmarkTest00635.py,weakrand,330,false,,tn,tn,tn,,0
BenchmarkTest00636,testcode/BenchmarkTest00636.py,weakrand,330,false,,tn,tn,tn,,0
BenchmarkTest00637,testcode/BenchmarkTest00637.py,weakrand,330,false,,tn,tn,tn,,0
BenchmarkTest00638,testcode/BenchmarkTest00638.py,weakrand,330,false,,tn,tn,tn,,0
BenchmarkTest00639,testcode/BenchmarkTest00639.py,weakrand,330,false,,tn,tn,tn,,0
BenchmarkTest00640,testcode/BenchmarkTest00640.py,weakrand,330,false,,tn,tn,tn,,0
BenchmarkTest00641,testcode/BenchmarkTest00641.py,hash,328,true,,tp,tp,fn,AEG-A02-002;AEG-CRYPTO-PY-002,2
BenchmarkTest00642,testcode/BenchmarkTest00642.py,hash,328,true,,tp,tp,fn,AEG-A02-003;AEG-CRYPTO-PY-002,2
BenchmarkTest00643,testcode/BenchmarkTest00643.py,hash,328,true,,tp,tp,fn,AEG-A02-003;AEG-CRYPTO-PY-002,2
BenchmarkTest00644,testcode/BenchmarkTest00644.py,hash,328,false,,tn,tn,tn,,0
BenchmarkTest00645,testcode/BenchmarkTest00645.py,hash,328,false,,tn,tn,tn,,0
BenchmarkTest00646,testcode/BenchmarkTest00646.py,hash,328,true,,tp,tp,fn,AEG-A02-002;AEG-CRYPTO-PY-002,2
BenchmarkTest00647,testcode/BenchmarkTest00647.py,hash,328,true,,tp,tp,fn,AEG-A02-002;AEG-CRYPTO-PY-002,2
BenchmarkTest00648,testcode/BenchmarkTest00648.py,hash,328,false,,tn,tn,tn,,0
BenchmarkTest00649,testcode/BenchmarkTest00649.py,hash,328,false,,tn,tn,tn,,0
BenchmarkTest00650,testcode/BenchmarkTest00650.py,securecookie,614,true,,tp,tp,fn,AEG-A05-005,1
BenchmarkTest00651,testcode/BenchmarkTest00651.py,securecookie,614,true,,tp,tp,fn,AEG-A05-005,1
BenchmarkTest00652,testcode/BenchmarkTest00652.py,securecookie,614,true,,tp,tp,fn,AEG-A05-005,1
BenchmarkTest00653,testcode/BenchmarkTest00653.py,securecookie,614,false,,fp,fp,tn,AEG-A05-005,1
BenchmarkTest00654,testcode/BenchmarkTest00654.py,redirect,601,true,,fn,fn,fn,,0
BenchmarkTest00655,testcode/BenchmarkTest00655.py,redirect,601,true,,fn,fn,fn,,0
BenchmarkTest00656,testcode/BenchmarkTest00656.py,trustbound,501,true,no_executed_cwe_rule,unscored,unscored,unscored,,0
BenchmarkTest00657,testcode/BenchmarkTest00657.py,deserialization,502,true,,tp,tp,fn,AEG-DESER-001,1
BenchmarkTest00658,testcode/BenchmarkTest00658.py,deserialization,502,false,,fp,fp,tn,AEG-A08-004;AEG-DESER-006,2
BenchmarkTest00659,testcode/BenchmarkTest00659.py,deserialization,502,false,,tn,tn,tn,,0
BenchmarkTest00660,testcode/BenchmarkTest00660.py,deserialization,502,false,,tn,tn,tn,,0
BenchmarkTest00661,testcode/BenchmarkTest00661.py,pathtraver,22,false,,fp,fp,fp,AEG-AC-PY-006;AEG-PATH-001,2
BenchmarkTest00662,testcode/BenchmarkTest00662.py,pathtraver,22,true,,tp,tp,fn,AEG-AC-PY-006,1
BenchmarkTest00663,testcode/BenchmarkTest00663.py,pathtraver,22,false,,fp,fp,tn,AEG-AC-PY-006,1
BenchmarkTest00664,testcode/BenchmarkTest00664.py,pathtraver,22,false,,fp,fp,tn,AEG-AC-PY-006,1
BenchmarkTest00665,testcode/BenchmarkTest00665.py,pathtraver,22,true,,tp,tp,fn,AEG-AC-PY-006,1
BenchmarkTest00666,testcode/BenchmarkTest00666.py,pathtraver,22,false,,fp,fp,tn,AEG-AC-PY-006,1
BenchmarkTest00667,testcode/BenchmarkTest00667.py,pathtraver,22,true,,tp,tp,tp,AEG-AC-PY-006;AEG-PATH-001,2
BenchmarkTest00668,testcode/BenchmarkTest00668.py,xss,79,false,,tn,tn,tn,,0
BenchmarkTest00669,testcode/BenchmarkTest00669.py,xss,79,true,,fn,fn,fn,,0
BenchmarkTest00670,testcode/BenchmarkTest00670.py,xss,79,false,,tn,tn,tn,,0
BenchmarkTest00671,testcode/BenchmarkTest00671.py,xss,79,false,,tn,tn,tn,,0
BenchmarkTest00672,testcode/BenchmarkTest00672.py,xss,79,false,,tn,tn,tn,,0
BenchmarkTest00673,testcode/BenchmarkTest00673.py,xss,79,true,,fn,fn,fn,,0
BenchmarkTest00674,testcode/BenchmarkTest00674.py,xpathi,643,true,,fn,fn,fn,,0
BenchmarkTest00675,testcode/BenchmarkTest00675.py,xpathi,643,false,,tn,tn,tn,,0
BenchmarkTest00676,testcode/BenchmarkTest00676.py,xpathi,643,false,,tn,tn,tn,,0
BenchmarkTest00677,testcode/BenchmarkTest00677.py,xpathi,643,false,,tn,tn,tn,,0
BenchmarkTest00678,testcode/BenchmarkTest00678.py,xxe,611,false,,fp,fp,tn,AEG-A03-010;AEG-A05-004,3
BenchmarkTest00679,testcode/BenchmarkTest00679.py,xxe,611,false,,fp,fp,tn,AEG-A03-010;AEG-A05-004,3
BenchmarkTest00680,testcode/BenchmarkTest00680.py,xpathi,643,false,,tn,tn,tn,,0
BenchmarkTest00681,testcode/BenchmarkTest00681.py,xpathi,643,true,,fn,fn,fn,,0
BenchmarkTest00682,testcode/BenchmarkTest00682.py,xpathi,643,true,,fn,fn,fn,,0
BenchmarkTest00683,testcode/BenchmarkTest00683.py,xpathi,643,false,,tn,tn,tn,,0
BenchmarkTest00684,testcode/BenchmarkTest00684.py,xpathi,643,false,,tn,tn,tn,,0
BenchmarkTest00685,testcode/BenchmarkTest00685.py,xpathi,643,false,,tn,tn,tn,,0
BenchmarkTest00686,testcode/BenchmarkTest00686.py,xpathi,643,false,,tn,tn,tn,,0
BenchmarkTest00687,testcode/BenchmarkTest00687.py,xpathi,643,false,,tn,tn,tn,,0
BenchmarkTest00688,testcode/BenchmarkTest00688.py,weakrand,330,true,,fn,fn,fn,,0
BenchmarkTest00689,testcode/BenchmarkTest00689.py,weakrand,330,true,,fn,fn,fn,,0
BenchmarkTest00690,testcode/BenchmarkTest00690.py,weakrand,330,true,,tp,tp,fn,AEG-CRYPTO-002,1
BenchmarkTest00691,testcode/BenchmarkTest00691.py,weakrand,330,false,,tn,tn,tn,,0
BenchmarkTest00692,testcode/BenchmarkTest00692.py,weakrand,330,false,,tn,tn,tn,,0
BenchmarkTest00693,testcode/BenchmarkTest00693.py,weakrand,330,false,,tn,tn,tn,,0
BenchmarkTest00694,testcode/BenchmarkTest00694.py,weakrand,330,false,,tn,tn,tn,,0
BenchmarkTest00695,testcode/BenchmarkTest00695.py,weakrand,330,false,,tn,tn,tn,,0
BenchmarkTest00696,testcode/BenchmarkTest00696.py,weakrand,330,false,,tn,tn,tn,,0
BenchmarkTest00697,testcode/BenchmarkTest00697.py,weakrand,330,false,,tn,tn,tn,,0
BenchmarkTest00698,testcode/BenchmarkTest00698.py,weakrand,330,false,,tn,tn,tn,,0
BenchmarkTest00699,testcode/BenchmarkTest00699.py,weakrand,330,false,,tn,tn,tn,,0
BenchmarkTest00700,testcode/BenchmarkTest00700.py,weakrand,330,false,,tn,tn,tn,,0
BenchmarkTest00701,testcode/BenchmarkTest00701.py,weakrand,330,false,,tn,tn,tn,,0
BenchmarkTest00702,testcode/BenchmarkTest00702.py,weakrand,330,false,,tn,tn,tn,,0
BenchmarkTest00703,testcode/BenchmarkTest00703.py,weakrand,330,false,,tn,tn,tn,,0
BenchmarkTest00704,testcode/BenchmarkTest00704.py,weakrand,330,false,,tn,tn,tn,,0
BenchmarkTest00705,testcode/BenchmarkTest00705.py,weakrand,330,false,,tn,tn,tn,,0
BenchmarkTest00706,testcode/BenchmarkTest00706.py,weakrand,330,false,,tn,tn,tn,,0
BenchmarkTest00707,testcode/BenchmarkTest00707.py,hash,328,true,,tp,tp,fn,AEG-A02-002;AEG-CRYPTO-PY-002,2
BenchmarkTest00708,testcode/BenchmarkTest00708.py,hash,328,true,,tp,tp,fn,AEG-A02-002;AEG-CRYPTO-PY-002,2
BenchmarkTest00709,testcode/BenchmarkTest00709.py,hash,328,true,,tp,tp,fn,AEG-A02-002;AEG-CRYPTO-PY-002,2
BenchmarkTest00710,testcode/BenchmarkTest00710.py,hash,328,false,,tn,tn,tn,,0
BenchmarkTest00711,testcode/BenchmarkTest00711.py,hash,328,false,,tn,tn,tn,,0
BenchmarkTest00712,testcode/BenchmarkTest00712.py,hash,328,false,,tn,tn,tn,,0
BenchmarkTest00713,testcode/BenchmarkTest00713.py,hash,328,true,,tp,tp,fn,AEG-A02-002;AEG-CRYPTO-PY-002,2
BenchmarkTest00714,testcode/BenchmarkTest00714.py,hash,328,true,,tp,tp,fn,AEG-A02-003;AEG-CRYPTO-PY-002,2
BenchmarkTest00715,testcode/BenchmarkTest00715.py,hash,328,true,,tp,tp,fn,AEG-A02-003;AEG-CRYPTO-PY-002,2
BenchmarkTest00716,testcode/BenchmarkTest00716.py,hash,328,true,,tp,tp,fn,AEG-A02-003;AEG-CRYPTO-PY-002,2
BenchmarkTest00717,testcode/BenchmarkTest00717.py,hash,328,false,,tn,tn,tn,,0
BenchmarkTest00718,testcode/BenchmarkTest00718.py,securecookie,614,true,,tp,tp,fn,AEG-A05-005,1
BenchmarkTest00719,testcode/BenchmarkTest00719.py,securecookie,614,true,,tp,tp,fn,AEG-A05-005,1
BenchmarkTest00720,testcode/BenchmarkTest00720.py,securecookie,614,true,,tp,tp,fn,AEG-A05-005,1
BenchmarkTest00721,testcode/BenchmarkTest00721.py,securecookie,614,false,,fp,fp,tn,AEG-A05-005,1
BenchmarkTest00722,testcode/BenchmarkTest00722.py,redirect,601,false,,tn,tn,tn,,0
BenchmarkTest00723,testcode/BenchmarkTest00723.py,redirect,601,false,,tn,tn,tn,,0
BenchmarkTest00724,testcode/BenchmarkTest00724.py,redirect,601,false,,tn,tn,tn,,0
BenchmarkTest00725,testcode/BenchmarkTest00725.py,trustbound,501,true,no_executed_cwe_rule,unscored,unscored,unscored,,0
BenchmarkTest00726,testcode/BenchmarkTest00726.py,trustbound,501,false,no_executed_cwe_rule,unscored,unscored,unscored,,0
BenchmarkTest00727,testcode/BenchmarkTest00727.py,trustbound,501,true,no_executed_cwe_rule,unscored,unscored,unscored,,0
BenchmarkTest00728,testcode/BenchmarkTest00728.py,codeinj,94,true,,fn,fn,fn,,0
BenchmarkTest00729,testcode/BenchmarkTest00729.py,codeinj,94,true,,fn,fn,fn,,0
BenchmarkTest00730,testcode/BenchmarkTest00730.py,codeinj,94,false,,tn,tn,tn,,0
BenchmarkTest00731,testcode/BenchmarkTest00731.py,ldapi,90,true,,fn,fn,fn,,0
BenchmarkTest00732,testcode/BenchmarkTest00732.py,ldapi,90,false,,tn,tn,tn,,0
BenchmarkTest00733,testcode/BenchmarkTest00733.py,ldapi,90,true,,fn,fn,fn,,0
BenchmarkTest00734,testcode/BenchmarkTest00734.py,deserialization,502,true,,tp,tp,fn,AEG-DESER-001,1
BenchmarkTest00735,testcode/BenchmarkTest00735.py,deserialization,502,true,,tp,tp,fn,AEG-DESER-001,1
BenchmarkTest00736,testcode/BenchmarkTest00736.py,cmdi,78,false,,fp,fp,tn,AEG-A03-006;AEG-CMD-002,2
BenchmarkTest00737,testcode/BenchmarkTest00737.py,pathtraver,22,true,,tp,tp,fn,AEG-AC-PY-006,1
BenchmarkTest00738,testcode/BenchmarkTest00738.py,pathtraver,22,false,,fp,fp,tn,AEG-AC-PY-006,1
BenchmarkTest00739,testcode/BenchmarkTest00739.py,pathtraver,22,true,,tp,tp,fn,AEG-AC-PY-006,1
BenchmarkTest00740,testcode/BenchmarkTest00740.py,pathtraver,22,false,,fp,fp,fp,AEG-AC-PY-006;AEG-PATH-001,2
BenchmarkTest00741,testcode/BenchmarkTest00741.py,pathtraver,22,true,,tp,tp,tp,AEG-AC-PY-006;AEG-PATH-001,2
BenchmarkTest00742,testcode/BenchmarkTest00742.py,pathtraver,22,true,,tp,tp,fn,AEG-AC-PY-006,1
BenchmarkTest00743,testcode/BenchmarkTest00743.py,pathtraver,22,false,,fp,fp,tn,AEG-AC-PY-006,1
BenchmarkTest00744,testcode/BenchmarkTest00744.py,pathtraver,22,false,,fp,fp,tn,AEG-AC-PY-006,1
BenchmarkTest00745,testcode/BenchmarkTest00745.py,pathtraver,22,false,,fp,fp,tn,AEG-AC-PY-006,1
BenchmarkTest00746,testcode/BenchmarkTest00746.py,pathtraver,22,false,,fp,fp,tn,AEG-AC-PY-006,1
BenchmarkTest00747,testcode/BenchmarkTest00747.py,pathtraver,22,false,,fp,fp,tn,AEG-AC-PY-006,1
BenchmarkTest00748,testcode/BenchmarkTest00748.py,pathtraver,22,false,,fp,fp,tn,AEG-AC-PY-006,1
BenchmarkTest00749,testcode/BenchmarkTest00749.py,pathtraver,22,true,,tp,tp,tp,AEG-AC-PY-006;AEG-PATH-001,2
BenchmarkTest00750,testcode/BenchmarkTest00750.py,pathtraver,22,true,,tp,tp,fn,AEG-AC-PY-006,1
BenchmarkTest00751,testcode/BenchmarkTest00751.py,pathtraver,22,true,,tp,tp,fn,AEG-AC-PY-006,1
BenchmarkTest00752,testcode/BenchmarkTest00752.py,xss,79,false,,tn,tn,tn,,0
BenchmarkTest00753,testcode/BenchmarkTest00753.py,xss,79,true,,fn,fn,fn,,0
BenchmarkTest00754,testcode/BenchmarkTest00754.py,xss,79,true,,fn,fn,fn,,0
BenchmarkTest00755,testcode/BenchmarkTest00755.py,sqli,89,false,,tn,tn,tn,,0
BenchmarkTest00756,testcode/BenchmarkTest00756.py,xpathi,643,false,,tn,tn,tn,,0
BenchmarkTest00757,testcode/BenchmarkTest00757.py,xpathi,643,false,,tn,tn,tn,,0
BenchmarkTest00758,testcode/BenchmarkTest00758.py,xpathi,643,false,,tn,tn,tn,,0
BenchmarkTest00759,testcode/BenchmarkTest00759.py,xxe,611,false,,fp,fp,tn,AEG-A03-010;AEG-A05-004,3
BenchmarkTest00760,testcode/BenchmarkTest00760.py,xpathi,643,true,,fn,fn,fn,,0
BenchmarkTest00761,testcode/BenchmarkTest00761.py,xpathi,643,true,,fn,fn,fn,,0
BenchmarkTest00762,testcode/BenchmarkTest00762.py,xpathi,643,false,,tn,tn,tn,,0
BenchmarkTest00763,testcode/BenchmarkTest00763.py,xpathi,643,false,,tn,tn,tn,,0
BenchmarkTest00764,testcode/BenchmarkTest00764.py,xpathi,643,false,,tn,tn,tn,,0
BenchmarkTest00765,testcode/BenchmarkTest00765.py,weakrand,330,true,,fn,fn,fn,,0
BenchmarkTest00766,testcode/BenchmarkTest00766.py,weakrand,330,true,,fn,fn,fn,,0
BenchmarkTest00767,testcode/BenchmarkTest00767.py,weakrand,330,true,,fn,fn,fn,,0
BenchmarkTest00768,testcode/BenchmarkTest00768.py,weakrand,330,true,,fn,fn,fn,,0
BenchmarkTest00769,testcode/BenchmarkTest00769.py,weakrand,330,true,,fn,fn,fn,,0
BenchmarkTest00770,testcode/BenchmarkTest00770.py,weakrand,330,true,,fn,fn,fn,,0
BenchmarkTest00771,testcode/BenchmarkTest00771.py,weakrand,330,true,,fn,fn,fn,,0
BenchmarkTest00772,testcode/BenchmarkTest00772.py,weakrand,330,true,,fn,fn,fn,,0
BenchmarkTest00773,testcode/BenchmarkTest00773.py,weakrand,330,true,,tp,tp,fn,AEG-CRYPTO-002,1
BenchmarkTest00774,testcode/BenchmarkTest00774.py,weakrand,330,true,,tp,tp,fn,AEG-CRYPTO-002,1
BenchmarkTest00775,testcode/BenchmarkTest00775.py,weakrand,330,true,,tp,tp,fn,AEG-CRYPTO-002,1
BenchmarkTest00776,testcode/BenchmarkTest00776.py,weakrand,330,false,,tn,tn,tn,,0
BenchmarkTest00777,testcode/BenchmarkTest00777.py,weakrand,330,false,,tn,tn,tn,,0
BenchmarkTest00778,testcode/BenchmarkTest00778.py,weakrand,330,false,,tn,tn,tn,,0
BenchmarkTest00779,testcode/BenchmarkTest00779.py,weakrand,330,false,,tn,tn,tn,,0
BenchmarkTest00780,testcode/BenchmarkTest00780.py,weakrand,330,false,,tn,tn,tn,,0
BenchmarkTest00781,testcode/BenchmarkTest00781.py,weakrand,330,false,,tn,tn,tn,,0
BenchmarkTest00782,testcode/BenchmarkTest00782.py,weakrand,330,false,,tn,tn,tn,,0
BenchmarkTest00783,testcode/BenchmarkTest00783.py,weakrand,330,false,,tn,tn,tn,,0
BenchmarkTest00784,testcode/BenchmarkTest00784.py,weakrand,330,false,,tn,tn,tn,,0
BenchmarkTest00785,testcode/BenchmarkTest00785.py,weakrand,330,false,,tn,tn,tn,,0
BenchmarkTest00786,testcode/BenchmarkTest00786.py,weakrand,330,false,,tn,tn,tn,,0
BenchmarkTest00787,testcode/BenchmarkTest00787.py,weakrand,330,false,,tn,tn,tn,,0
BenchmarkTest00788,testcode/BenchmarkTest00788.py,weakrand,330,false,,tn,tn,tn,,0
BenchmarkTest00789,testcode/BenchmarkTest00789.py,weakrand,330,false,,tn,tn,tn,,0
BenchmarkTest00790,testcode/BenchmarkTest00790.py,weakrand,330,false,,tn,tn,tn,,0
BenchmarkTest00791,testcode/BenchmarkTest00791.py,weakrand,330,false,,tn,tn,tn,,0
BenchmarkTest00792,testcode/BenchmarkTest00792.py,weakrand,330,false,,tn,tn,tn,,0
BenchmarkTest00793,testcode/BenchmarkTest00793.py,weakrand,330,false,,tn,tn,tn,,0
BenchmarkTest00794,testcode/BenchmarkTest00794.py,weakrand,330,false,,tn,tn,tn,,0
BenchmarkTest00795,testcode/BenchmarkTest00795.py,weakrand,330,false,,tn,tn,tn,,0
BenchmarkTest00796,testcode/BenchmarkTest00796.py,hash,328,true,,tp,tp,fn,AEG-A02-003;AEG-CRYPTO-PY-002,2
BenchmarkTest00797,testcode/BenchmarkTest00797.py,hash,328,false,,tn,tn,tn,,0
BenchmarkTest00798,testcode/BenchmarkTest00798.py,hash,328,false,,tn,tn,tn,,0
BenchmarkTest00799,testcode/BenchmarkTest00799.py,hash,328,false,,tn,tn,tn,,0
BenchmarkTest00800,testcode/BenchmarkTest00800.py,hash,328,false,,tn,tn,tn,,0
BenchmarkTest00801,testcode/BenchmarkTest00801.py,hash,328,false,,tn,tn,tn,,0
BenchmarkTest00802,testcode/BenchmarkTest00802.py,hash,328,false,,tn,tn,tn,,0
BenchmarkTest00803,testcode/BenchmarkTest00803.py,hash,328,false,,tn,tn,tn,,0
BenchmarkTest00804,testcode/BenchmarkTest00804.py,hash,328,false,,tn,tn,tn,,0
BenchmarkTest00805,testcode/BenchmarkTest00805.py,hash,328,true,,tp,tp,fn,AEG-A02-002;AEG-CRYPTO-PY-002,2
BenchmarkTest00806,testcode/BenchmarkTest00806.py,hash,328,true,,tp,tp,fn,AEG-A02-003;AEG-CRYPTO-PY-002,2
BenchmarkTest00807,testcode/BenchmarkTest00807.py,hash,328,false,,tn,tn,tn,,0
BenchmarkTest00808,testcode/BenchmarkTest00808.py,securecookie,614,true,,tp,tp,fn,AEG-A05-005,1
BenchmarkTest00809,testcode/BenchmarkTest00809.py,securecookie,614,false,,fp,fp,tn,AEG-A05-005,1
BenchmarkTest00810,testcode/BenchmarkTest00810.py,securecookie,614,false,,fp,fp,tn,AEG-A05-005,1
BenchmarkTest00811,testcode/BenchmarkTest00811.py,securecookie,614,false,,fp,fp,tn,AEG-A05-005,1
BenchmarkTest00812,testcode/BenchmarkTest00812.py,securecookie,614,false,,fp,fp,tn,AEG-A05-005,1
BenchmarkTest00813,testcode/BenchmarkTest00813.py,securecookie,614,false,,fp,fp,tn,AEG-A05-005,1
BenchmarkTest00814,testcode/BenchmarkTest00814.py,redirect,601,true,,fn,fn,fn,,0
BenchmarkTest00815,testcode/BenchmarkTest00815.py,redirect,601,false,,fp,tn,fp,AEG-A04-006;AEG-A08-006;AEG-SSRF-002,3
BenchmarkTest00816,testcode/BenchmarkTest00816.py,redirect,601,false,,fp,tn,fp,AEG-A04-006;AEG-A08-006;AEG-SSRF-002,3
BenchmarkTest00817,testcode/BenchmarkTest00817.py,trustbound,501,true,no_executed_cwe_rule,unscored,unscored,unscored,,0
BenchmarkTest00818,testcode/BenchmarkTest00818.py,codeinj,94,false,,fp,tn,fp,AEG-A03-007;AEG-EXEC-001,2
BenchmarkTest00819,testcode/BenchmarkTest00819.py,codeinj,94,true,,tp,fn,tp,AEG-A03-007;AEG-EXEC-001,2
BenchmarkTest00820,testcode/BenchmarkTest00820.py,codeinj,94,true,,tp,fn,tp,AEG-A03-007;AEG-EXEC-001,2
BenchmarkTest00821,testcode/BenchmarkTest00821.py,codeinj,94,false,,fp,tn,fp,AEG-A03-007;AEG-EXEC-001,2
BenchmarkTest00822,testcode/BenchmarkTest00822.py,codeinj,94,false,,fp,tn,fp,AEG-A03-007;AEG-EXEC-001,2
BenchmarkTest00823,testcode/BenchmarkTest00823.py,ldapi,90,true,,fn,fn,fn,,0
BenchmarkTest00824,testcode/BenchmarkTest00824.py,ldapi,90,true,,fn,fn,fn,,0
BenchmarkTest00825,testcode/BenchmarkTest00825.py,deserialization,502,true,,tp,tp,tp,AEG-DESER-001;AEG-RCE-PY-006,2
BenchmarkTest00826,testcode/BenchmarkTest00826.py,deserialization,502,false,,fp,fp,tn,AEG-DESER-001,1
BenchmarkTest00827,testcode/BenchmarkTest00827.py,deserialization,502,true,,tp,tp,fn,AEG-A08-004;AEG-DESER-006,2
BenchmarkTest00828,testcode/BenchmarkTest00828.py,deserialization,502,false,,tn,tn,tn,,0
BenchmarkTest00829,testcode/BenchmarkTest00829.py,xss,79,false,,tn,tn,tn,,0
BenchmarkTest00830,testcode/BenchmarkTest00830.py,xss,79,false,,tn,tn,tn,,0
BenchmarkTest00831,testcode/BenchmarkTest00831.py,pathtraver,22,true,,fn,fn,fn,,0
BenchmarkTest00832,testcode/BenchmarkTest00832.py,pathtraver,22,false,,tn,tn,tn,,0
BenchmarkTest00833,testcode/BenchmarkTest00833.py,pathtraver,22,false,,tn,tn,tn,,0
BenchmarkTest00834,testcode/BenchmarkTest00834.py,pathtraver,22,true,,fn,fn,fn,,0
BenchmarkTest00835,testcode/BenchmarkTest00835.py,pathtraver,22,true,,fn,fn,fn,,0
BenchmarkTest00836,testcode/BenchmarkTest00836.py,pathtraver,22,false,,tn,tn,tn,,0
BenchmarkTest00837,testcode/BenchmarkTest00837.py,pathtraver,22,false,,tn,tn,tn,,0
BenchmarkTest00838,testcode/BenchmarkTest00838.py,pathtraver,22,false,,tn,tn,tn,,0
BenchmarkTest00839,testcode/BenchmarkTest00839.py,xss,79,true,,fn,fn,fn,,0
BenchmarkTest00840,testcode/BenchmarkTest00840.py,xss,79,false,,tn,tn,tn,,0
BenchmarkTest00841,testcode/BenchmarkTest00841.py,xss,79,true,,fn,fn,fn,,0
BenchmarkTest00842,testcode/BenchmarkTest00842.py,xss,79,true,,fn,fn,fn,,0
BenchmarkTest00843,testcode/BenchmarkTest00843.py,xpathi,643,false,,tn,tn,tn,,0
BenchmarkTest00844,testcode/BenchmarkTest00844.py,xpathi,643,true,,fn,fn,fn,,0
BenchmarkTest00845,testcode/BenchmarkTest00845.py,xpathi,643,false,,tn,tn,tn,,0
BenchmarkTest00846,testcode/BenchmarkTest00846.py,xpathi,643,false,,tn,tn,tn,,0
BenchmarkTest00847,testcode/BenchmarkTest00847.py,xpathi,643,false,,tn,tn,tn,,0
BenchmarkTest00848,testcode/BenchmarkTest00848.py,xpathi,643,false,,tn,tn,tn,,0
BenchmarkTest00849,testcode/BenchmarkTest00849.py,xpathi,643,false,,tn,tn,tn,,0
BenchmarkTest00850,testcode/BenchmarkTest00850.py,xxe,611,false,,fp,fp,tn,AEG-A03-010;AEG-A05-004,3
BenchmarkTest00851,testcode/BenchmarkTest00851.py,xxe,611,false,,fp,fp,tn,AEG-A03-010;AEG-A05-004,3
BenchmarkTest00852,testcode/BenchmarkTest00852.py,xpathi,643,false,,tn,tn,tn,,0
BenchmarkTest00853,testcode/BenchmarkTest00853.py,xpathi,643,false,,tn,tn,tn,,0
BenchmarkTest00854,testcode/BenchmarkTest00854.py,xpathi,643,true,,fn,fn,fn,,0
BenchmarkTest00855,testcode/BenchmarkTest00855.py,xpathi,643,false,,tn,tn,tn,,0
BenchmarkTest00856,testcode/BenchmarkTest00856.py,xpathi,643,false,,tn,tn,tn,,0
BenchmarkTest00857,testcode/BenchmarkTest00857.py,xpathi,643,false,,tn,tn,tn,,0
BenchmarkTest00858,testcode/BenchmarkTest00858.py,xpathi,643,true,,fn,fn,fn,,0
BenchmarkTest00859,testcode/BenchmarkTest00859.py,weakrand,330,true,,fn,fn,fn,,0
BenchmarkTest00860,testcode/BenchmarkTest00860.py,weakrand,330,true,,fn,fn,fn,,0
BenchmarkTest00861,testcode/BenchmarkTest00861.py,weakrand,330,true,,fn,fn,fn,,0
BenchmarkTest00862,testcode/BenchmarkTest00862.py,weakrand,330,true,,fn,fn,fn,,0
BenchmarkTest00863,testcode/BenchmarkTest00863.py,weakrand,330,true,,fn,fn,fn,,0
BenchmarkTest00864,testcode/BenchmarkTest00864.py,weakrand,330,false,,tn,tn,tn,,0
BenchmarkTest00865,testcode/BenchmarkTest00865.py,weakrand,330,false,,tn,tn,tn,,0
BenchmarkTest00866,testcode/BenchmarkTest00866.py,weakrand,330,false,,tn,tn,tn,,0
BenchmarkTest00867,testcode/BenchmarkTest00867.py,weakrand,330,false,,tn,tn,tn,,0
BenchmarkTest00868,testcode/BenchmarkTest00868.py,weakrand,330,false,,tn,tn,tn,,0
BenchmarkTest00869,testcode/BenchmarkTest00869.py,weakrand,330,false,,tn,tn,tn,,0
BenchmarkTest00870,testcode/BenchmarkTest00870.py,weakrand,330,false,,tn,tn,tn,,0
BenchmarkTest00871,testcode/BenchmarkTest00871.py,weakrand,330,false,,tn,tn,tn,,0
BenchmarkTest00872,testcode/BenchmarkTest00872.py,weakrand,330,false,,tn,tn,tn,,0
BenchmarkTest00873,testcode/BenchmarkTest00873.py,hash,328,true,,tp,tp,fn,AEG-A02-002;AEG-CRYPTO-PY-002,2
BenchmarkTest00874,testcode/BenchmarkTest00874.py,hash,328,true,,tp,tp,fn,AEG-A02-002;AEG-CRYPTO-PY-002,2
BenchmarkTest00875,testcode/BenchmarkTest00875.py,hash,328,false,,tn,tn,tn,,0
BenchmarkTest00876,testcode/BenchmarkTest00876.py,hash,328,false,,tn,tn,tn,,0
BenchmarkTest00877,testcode/BenchmarkTest00877.py,hash,328,true,,tp,tp,fn,AEG-A02-003;AEG-CRYPTO-PY-002,2
BenchmarkTest00878,testcode/BenchmarkTest00878.py,hash,328,false,,tn,tn,tn,,0
BenchmarkTest00879,testcode/BenchmarkTest00879.py,hash,328,false,,tn,tn,tn,,0
BenchmarkTest00880,testcode/BenchmarkTest00880.py,hash,328,false,,tn,tn,tn,,0
BenchmarkTest00881,testcode/BenchmarkTest00881.py,hash,328,false,,tn,tn,tn,,0
BenchmarkTest00882,testcode/BenchmarkTest00882.py,hash,328,false,,tn,tn,tn,,0
BenchmarkTest00883,testcode/BenchmarkTest00883.py,xss,79,false,,tn,tn,tn,,0
BenchmarkTest00884,testcode/BenchmarkTest00884.py,xss,79,false,,tn,tn,tn,,0
BenchmarkTest00885,testcode/BenchmarkTest00885.py,securecookie,614,true,,tp,tp,fn,AEG-A05-005,1
BenchmarkTest00886,testcode/BenchmarkTest00886.py,securecookie,614,true,,tp,tp,fn,AEG-A05-005,1
BenchmarkTest00887,testcode/BenchmarkTest00887.py,trustbound,501,true,no_executed_cwe_rule,unscored,unscored,unscored,,0
BenchmarkTest00888,testcode/BenchmarkTest00888.py,trustbound,501,true,no_executed_cwe_rule,unscored,unscored,unscored,,0
BenchmarkTest00889,testcode/BenchmarkTest00889.py,trustbound,501,true,no_executed_cwe_rule,unscored,unscored,unscored,,0
BenchmarkTest00890,testcode/BenchmarkTest00890.py,codeinj,94,true,,fn,fn,fn,,0
BenchmarkTest00891,testcode/BenchmarkTest00891.py,codeinj,94,true,,tp,fn,tp,AEG-EXEC-001,1
BenchmarkTest00892,testcode/BenchmarkTest00892.py,codeinj,94,false,,tn,tn,tn,,0
BenchmarkTest00893,testcode/BenchmarkTest00893.py,codeinj,94,false,,tn,tn,tn,,0
BenchmarkTest00894,testcode/BenchmarkTest00894.py,codeinj,94,true,,fn,fn,fn,,0
BenchmarkTest00895,testcode/BenchmarkTest00895.py,ldapi,90,true,,fn,fn,fn,,0
BenchmarkTest00896,testcode/BenchmarkTest00896.py,ldapi,90,true,,fn,fn,fn,,0
BenchmarkTest00897,testcode/BenchmarkTest00897.py,ldapi,90,false,,tn,tn,tn,,0
BenchmarkTest00898,testcode/BenchmarkTest00898.py,deserialization,502,true,,tp,tp,fn,AEG-DESER-001,1
BenchmarkTest00899,testcode/BenchmarkTest00899.py,cmdi,78,true,,fn,fn,fn,,0
BenchmarkTest00900,testcode/BenchmarkTest00900.py,cmdi,78,false,,fp,fp,fp,AEG-A03-006;AEG-CMD-001;AEG-CMD-002,3
BenchmarkTest00901,testcode/BenchmarkTest00901.py,deserialization,502,false,,tn,tn,tn,,0
BenchmarkTest00902,testcode/BenchmarkTest00902.py,deserialization,502,false,,tn,tn,tn,,0
BenchmarkTest00903,testcode/BenchmarkTest00903.py,deserialization,502,false,,tn,tn,tn,,0
BenchmarkTest00904,testcode/BenchmarkTest00904.py,deserialization,502,false,,tn,tn,tn,,0
BenchmarkTest00905,testcode/BenchmarkTest00905.py,xss,79,false,,tn,tn,tn,,0
BenchmarkTest00906,testcode/BenchmarkTest00906.py,pathtraver,22,true,,fn,fn,fn,,0
BenchmarkTest00907,testcode/BenchmarkTest00907.py,pathtraver,22,true,,fn,fn,fn,,0
BenchmarkTest00908,testcode/BenchmarkTest00908.py,pathtraver,22,false,,tn,tn,tn,,0
BenchmarkTest00909,testcode/BenchmarkTest00909.py,pathtraver,22,false,,tn,tn,tn,,0
BenchmarkTest00910,testcode/BenchmarkTest00910.py,pathtraver,22,true,,tp,fn,tp,AEG-PATH-001,1
BenchmarkTest00911,testcode/BenchmarkTest00911.py,pathtraver,22,false,,tn,tn,tn,,0
BenchmarkTest00912,testcode/BenchmarkTest00912.py,pathtraver,22,false,,fp,tn,fp,AEG-PATH-001,1
BenchmarkTest00913,testcode/BenchmarkTest00913.py,pathtraver,22,false,,tn,tn,tn,,0
BenchmarkTest00914,testcode/BenchmarkTest00914.py,pathtraver,22,true,,tp,fn,tp,AEG-PATH-001,1
BenchmarkTest00915,testcode/BenchmarkTest00915.py,pathtraver,22,true,,fn,fn,fn,,0
BenchmarkTest00916,testcode/BenchmarkTest00916.py,pathtraver,22,true,,fn,fn,fn,,0
BenchmarkTest00917,testcode/BenchmarkTest00917.py,pathtraver,22,false,,tn,tn,tn,,0
BenchmarkTest00918,testcode/BenchmarkTest00918.py,pathtraver,22,true,,fn,fn,fn,,0
BenchmarkTest00919,testcode/BenchmarkTest00919.py,pathtraver,22,false,,tn,tn,tn,,0
BenchmarkTest00920,testcode/BenchmarkTest00920.py,pathtraver,22,true,,fn,fn,fn,,0
BenchmarkTest00921,testcode/BenchmarkTest00921.py,pathtraver,22,false,,tn,tn,tn,,0
BenchmarkTest00922,testcode/BenchmarkTest00922.py,pathtraver,22,false,,tn,tn,tn,,0
BenchmarkTest00923,testcode/BenchmarkTest00923.py,xss,79,true,,fn,fn,fn,,0
BenchmarkTest00924,testcode/BenchmarkTest00924.py,xss,79,true,,fn,fn,fn,,0
BenchmarkTest00925,testcode/BenchmarkTest00925.py,xss,79,true,,fn,fn,fn,,0
BenchmarkTest00926,testcode/BenchmarkTest00926.py,xss,79,false,,tn,tn,tn,,0
BenchmarkTest00927,testcode/BenchmarkTest00927.py,xpathi,643,false,,tn,tn,tn,,0
BenchmarkTest00928,testcode/BenchmarkTest00928.py,xpathi,643,false,,tn,tn,tn,,0
BenchmarkTest00929,testcode/BenchmarkTest00929.py,xpathi,643,false,,tn,tn,tn,,0
BenchmarkTest00930,testcode/BenchmarkTest00930.py,xxe,611,true,,tp,tp,fn,AEG-A03-010;AEG-A05-004,3
BenchmarkTest00931,testcode/BenchmarkTest00931.py,xxe,611,true,,tp,tp,fn,AEG-A03-010;AEG-A05-004,3
BenchmarkTest00932,testcode/BenchmarkTest00932.py,xpathi,643,true,,fn,fn,fn,,0
BenchmarkTest00933,testcode/BenchmarkTest00933.py,xpathi,643,true,,fn,fn,fn,,0
BenchmarkTest00934,testcode/BenchmarkTest00934.py,xpathi,643,false,,fp,fp,tn,AEG-XPATH-001,1
BenchmarkTest00935,testcode/BenchmarkTest00935.py,xpathi,643,false,,tn,tn,tn,,0
BenchmarkTest00936,testcode/BenchmarkTest00936.py,xpathi,643,false,,tn,tn,tn,,0
BenchmarkTest00937,testcode/BenchmarkTest00937.py,xpathi,643,false,,tn,tn,tn,,0
BenchmarkTest00938,testcode/BenchmarkTest00938.py,xpathi,643,false,,tn,tn,tn,,0
BenchmarkTest00939,testcode/BenchmarkTest00939.py,xpathi,643,false,,tn,tn,tn,,0
BenchmarkTest00940,testcode/BenchmarkTest00940.py,xpathi,643,false,,tn,tn,tn,,0
BenchmarkTest00941,testcode/BenchmarkTest00941.py,xpathi,643,false,,tn,tn,tn,,0
BenchmarkTest00942,testcode/BenchmarkTest00942.py,xpathi,643,false,,tn,tn,tn,,0
BenchmarkTest00943,testcode/BenchmarkTest00943.py,xpathi,643,false,,tn,tn,tn,,0
BenchmarkTest00944,testcode/BenchmarkTest00944.py,xpathi,643,true,,fn,fn,fn,,0
BenchmarkTest00945,testcode/BenchmarkTest00945.py,weakrand,330,true,,fn,fn,fn,,0
BenchmarkTest00946,testcode/BenchmarkTest00946.py,weakrand,330,true,,fn,fn,fn,,0
BenchmarkTest00947,testcode/BenchmarkTest00947.py,weakrand,330,true,,fn,fn,fn,,0
BenchmarkTest00948,testcode/BenchmarkTest00948.py,weakrand,330,true,,fn,fn,fn,,0
BenchmarkTest00949,testcode/BenchmarkTest00949.py,weakrand,330,true,,fn,fn,fn,,0
BenchmarkTest00950,testcode/BenchmarkTest00950.py,weakrand,330,true,,tp,tp,fn,AEG-CRYPTO-002,1
BenchmarkTest00951,testcode/BenchmarkTest00951.py,weakrand,330,true,,tp,tp,fn,AEG-CRYPTO-002,1
BenchmarkTest00952,testcode/BenchmarkTest00952.py,weakrand,330,false,,tn,tn,tn,,0
BenchmarkTest00953,testcode/BenchmarkTest00953.py,weakrand,330,false,,tn,tn,tn,,0
BenchmarkTest00954,testcode/BenchmarkTest00954.py,weakrand,330,false,,tn,tn,tn,,0
BenchmarkTest00955,testcode/BenchmarkTest00955.py,weakrand,330,false,,tn,tn,tn,,0
BenchmarkTest00956,testcode/BenchmarkTest00956.py,weakrand,330,false,,tn,tn,tn,,0
BenchmarkTest00957,testcode/BenchmarkTest00957.py,weakrand,330,false,,tn,tn,tn,,0
BenchmarkTest00958,testcode/BenchmarkTest00958.py,weakrand,330,false,,tn,tn,tn,,0
BenchmarkTest00959,testcode/BenchmarkTest00959.py,weakrand,330,false,,tn,tn,tn,,0
BenchmarkTest00960,testcode/BenchmarkTest00960.py,weakrand,330,false,,tn,tn,tn,,0
BenchmarkTest00961,testcode/BenchmarkTest00961.py,weakrand,330,false,,tn,tn,tn,,0
BenchmarkTest00962,testcode/BenchmarkTest00962.py,weakrand,330,false,,tn,tn,tn,,0
BenchmarkTest00963,testcode/BenchmarkTest00963.py,weakrand,330,false,,tn,tn,tn,,0
BenchmarkTest00964,testcode/BenchmarkTest00964.py,weakrand,330,false,,tn,tn,tn,,0
BenchmarkTest00965,testcode/BenchmarkTest00965.py,weakrand,330,false,,tn,tn,tn,,0
BenchmarkTest00966,testcode/BenchmarkTest00966.py,weakrand,330,false,,tn,tn,tn,,0
BenchmarkTest00967,testcode/BenchmarkTest00967.py,weakrand,330,false,,tn,tn,tn,,0
BenchmarkTest00968,testcode/BenchmarkTest00968.py,weakrand,330,false,,tn,tn,tn,,0
BenchmarkTest00969,testcode/BenchmarkTest00969.py,weakrand,330,false,,tn,tn,tn,,0
BenchmarkTest00970,testcode/BenchmarkTest00970.py,weakrand,330,false,,tn,tn,tn,,0
BenchmarkTest00971,testcode/BenchmarkTest00971.py,weakrand,330,false,,tn,tn,tn,,0
BenchmarkTest00972,testcode/BenchmarkTest00972.py,weakrand,330,false,,tn,tn,tn,,0
BenchmarkTest00973,testcode/BenchmarkTest00973.py,hash,328,true,,tp,tp,fn,AEG-A02-002;AEG-CRYPTO-PY-002,2
BenchmarkTest00974,testcode/BenchmarkTest00974.py,hash,328,true,,tp,tp,fn,AEG-A02-002;AEG-CRYPTO-PY-002,2
BenchmarkTest00975,testcode/BenchmarkTest00975.py,hash,328,true,,tp,tp,fn,AEG-A02-003;AEG-CRYPTO-PY-002,2
BenchmarkTest00976,testcode/BenchmarkTest00976.py,hash,328,false,,tn,tn,tn,,0
BenchmarkTest00977,testcode/BenchmarkTest00977.py,hash,328,true,,tp,tp,fn,AEG-A02-002;AEG-CRYPTO-PY-002,2
BenchmarkTest00978,testcode/BenchmarkTest00978.py,hash,328,true,,tp,tp,fn,AEG-A02-002;AEG-CRYPTO-PY-002,2
BenchmarkTest00979,testcode/BenchmarkTest00979.py,hash,328,false,,tn,tn,tn,,0
BenchmarkTest00980,testcode/BenchmarkTest00980.py,securecookie,614,true,,tp,tp,fn,AEG-A05-005,1
BenchmarkTest00981,testcode/BenchmarkTest00981.py,securecookie,614,true,,tp,tp,fn,AEG-A05-005,1
BenchmarkTest00982,testcode/BenchmarkTest00982.py,redirect,601,true,,fn,fn,fn,,0
BenchmarkTest00983,testcode/BenchmarkTest00983.py,redirect,601,false,,tn,tn,tn,,0
BenchmarkTest00984,testcode/BenchmarkTest00984.py,trustbound,501,true,no_executed_cwe_rule,unscored,unscored,unscored,,0
BenchmarkTest00985,testcode/BenchmarkTest00985.py,trustbound,501,false,no_executed_cwe_rule,unscored,unscored,unscored,,0
BenchmarkTest00986,testcode/BenchmarkTest00986.py,codeinj,94,true,,fn,fn,fn,,0
BenchmarkTest00987,testcode/BenchmarkTest00987.py,codeinj,94,false,,fp,tn,fp,AEG-EXEC-001,1
BenchmarkTest00988,testcode/BenchmarkTest00988.py,codeinj,94,false,,tn,tn,tn,,0
BenchmarkTest00989,testcode/BenchmarkTest00989.py,codeinj,94,false,,tn,tn,tn,,0
BenchmarkTest00990,testcode/BenchmarkTest00990.py,ldapi,90,false,,tn,tn,tn,,0
BenchmarkTest00991,testcode/BenchmarkTest00991.py,ldapi,90,false,,tn,tn,tn,,0
BenchmarkTest00992,testcode/BenchmarkTest00992.py,deserialization,502,true,,tp,tp,fn,AEG-DESER-001,1
BenchmarkTest00993,testcode/BenchmarkTest00993.py,deserialization,502,true,,tp,tp,fn,AEG-DESER-001,1
BenchmarkTest00994,testcode/BenchmarkTest00994.py,deserialization,502,true,,tp,tp,fn,AEG-A08-004;AEG-DESER-006,2
BenchmarkTest00995,testcode/BenchmarkTest00995.py,deserialization,502,false,,fp,fp,tn,AEG-A08-004;AEG-DESER-006,2
BenchmarkTest00996,testcode/BenchmarkTest00996.py,deserialization,502,false,,tn,tn,tn,,0
BenchmarkTest00997,testcode/BenchmarkTest00997.py,deserialization,502,false,,tn,tn,tn,,0
BenchmarkTest00998,testcode/BenchmarkTest00998.py,deserialization,502,false,,tn,tn,tn,,0
BenchmarkTest00999,testcode/BenchmarkTest00999.py,deserialization,502,false,,tn,tn,tn,,0
BenchmarkTest01000,testcode/BenchmarkTest01000.py,xss,79,false,,tn,tn,tn,,0
BenchmarkTest01001,testcode/BenchmarkTest01001.py,xss,79,false,,tn,tn,tn,,0
BenchmarkTest01002,testcode/BenchmarkTest01002.py,xss,79,false,,tn,tn,tn,,0
BenchmarkTest01003,testcode/BenchmarkTest01003.py,xss,79,false,,tn,tn,tn,,0
BenchmarkTest01004,testcode/BenchmarkTest01004.py,pathtraver,22,false,,tn,tn,tn,,0
BenchmarkTest01005,testcode/BenchmarkTest01005.py,pathtraver,22,false,,tn,tn,tn,,0
BenchmarkTest01006,testcode/BenchmarkTest01006.py,pathtraver,22,false,,tn,tn,tn,,0
BenchmarkTest01007,testcode/BenchmarkTest01007.py,pathtraver,22,false,,tn,tn,tn,,0
BenchmarkTest01008,testcode/BenchmarkTest01008.py,pathtraver,22,false,,fp,tn,fp,AEG-PATH-001,1
BenchmarkTest01009,testcode/BenchmarkTest01009.py,pathtraver,22,false,,tn,tn,tn,,0
BenchmarkTest01010,testcode/BenchmarkTest01010.py,pathtraver,22,false,,tn,tn,tn,,0
BenchmarkTest01011,testcode/BenchmarkTest01011.py,pathtraver,22,false,,tn,tn,tn,,0
BenchmarkTest01012,testcode/BenchmarkTest01012.py,pathtraver,22,false,,tn,tn,tn,,0
BenchmarkTest01013,testcode/BenchmarkTest01013.py,pathtraver,22,false,,tn,tn,tn,,0
BenchmarkTest01014,testcode/BenchmarkTest01014.py,xss,79,false,,tn,tn,tn,,0
BenchmarkTest01015,testcode/BenchmarkTest01015.py,xss,79,false,,tn,tn,tn,,0
BenchmarkTest01016,testcode/BenchmarkTest01016.py,xss,79,false,,tn,tn,tn,,0
BenchmarkTest01017,testcode/BenchmarkTest01017.py,xss,79,false,,tn,tn,tn,,0
BenchmarkTest01018,testcode/BenchmarkTest01018.py,xss,79,false,,tn,tn,tn,,0
BenchmarkTest01019,testcode/BenchmarkTest01019.py,xss,79,false,,tn,tn,tn,,0
BenchmarkTest01020,testcode/BenchmarkTest01020.py,xss,79,false,,tn,tn,tn,,0
BenchmarkTest01021,testcode/BenchmarkTest01021.py,sqli,89,false,,tn,tn,tn,,0
BenchmarkTest01022,testcode/BenchmarkTest01022.py,xpathi,643,false,,tn,tn,tn,,0
BenchmarkTest01023,testcode/BenchmarkTest01023.py,xpathi,643,false,,tn,tn,tn,,0
BenchmarkTest01024,testcode/BenchmarkTest01024.py,xxe,611,false,,fp,fp,tn,AEG-A03-010;AEG-A05-004,3
BenchmarkTest01025,testcode/BenchmarkTest01025.py,xxe,611,false,,fp,fp,tn,AEG-A03-010;AEG-A05-004,3
BenchmarkTest01026,testcode/BenchmarkTest01026.py,xpathi,643,false,,tn,tn,tn,,0
BenchmarkTest01027,testcode/BenchmarkTest01027.py,xpathi,643,false,,tn,tn,tn,,0
BenchmarkTest01028,testcode/BenchmarkTest01028.py,xpathi,643,false,,fp,fp,tn,AEG-XPATH-001,1
BenchmarkTest01029,testcode/BenchmarkTest01029.py,xpathi,643,false,,fp,fp,tn,AEG-XPATH-001,1
BenchmarkTest01030,testcode/BenchmarkTest01030.py,xpathi,643,false,,tn,tn,tn,,0
BenchmarkTest01031,testcode/BenchmarkTest01031.py,xpathi,643,false,,tn,tn,tn,,0
BenchmarkTest01032,testcode/BenchmarkTest01032.py,xpathi,643,false,,tn,tn,tn,,0
BenchmarkTest01033,testcode/BenchmarkTest01033.py,xpathi,643,false,,tn,tn,tn,,0
BenchmarkTest01034,testcode/BenchmarkTest01034.py,xpathi,643,false,,tn,tn,tn,,0
BenchmarkTest01035,testcode/BenchmarkTest01035.py,xpathi,643,false,,tn,tn,tn,,0
BenchmarkTest01036,testcode/BenchmarkTest01036.py,xpathi,643,false,,tn,tn,tn,,0
BenchmarkTest01037,testcode/BenchmarkTest01037.py,xpathi,643,false,,tn,tn,tn,,0
BenchmarkTest01038,testcode/BenchmarkTest01038.py,xpathi,643,false,,tn,tn,tn,,0
BenchmarkTest01039,testcode/BenchmarkTest01039.py,xpathi,643,false,,tn,tn,tn,,0
BenchmarkTest01040,testcode/BenchmarkTest01040.py,weakrand,330,true,,fn,fn,fn,,0
BenchmarkTest01041,testcode/BenchmarkTest01041.py,weakrand,330,true,,fn,fn,fn,,0
BenchmarkTest01042,testcode/BenchmarkTest01042.py,weakrand,330,true,,fn,fn,fn,,0
BenchmarkTest01043,testcode/BenchmarkTest01043.py,weakrand,330,true,,fn,fn,fn,,0
BenchmarkTest01044,testcode/BenchmarkTest01044.py,weakrand,330,true,,fn,fn,fn,,0
BenchmarkTest01045,testcode/BenchmarkTest01045.py,weakrand,330,true,,fn,fn,fn,,0
BenchmarkTest01046,testcode/BenchmarkTest01046.py,weakrand,330,true,,tp,tp,fn,AEG-CRYPTO-002,1
BenchmarkTest01047,testcode/BenchmarkTest01047.py,weakrand,330,true,,tp,tp,fn,AEG-CRYPTO-002,1
BenchmarkTest01048,testcode/BenchmarkTest01048.py,weakrand,330,true,,tp,tp,fn,AEG-CRYPTO-002,1
BenchmarkTest01049,testcode/BenchmarkTest01049.py,weakrand,330,true,,tp,tp,fn,AEG-CRYPTO-002,1
BenchmarkTest01050,testcode/BenchmarkTest01050.py,weakrand,330,true,,tp,tp,fn,AEG-CRYPTO-002,1
BenchmarkTest01051,testcode/BenchmarkTest01051.py,weakrand,330,false,,tn,tn,tn,,0
BenchmarkTest01052,testcode/BenchmarkTest01052.py,weakrand,330,false,,tn,tn,tn,,0
BenchmarkTest01053,testcode/BenchmarkTest01053.py,weakrand,330,false,,tn,tn,tn,,0
BenchmarkTest01054,testcode/BenchmarkTest01054.py,weakrand,330,false,,tn,tn,tn,,0
BenchmarkTest01055,testcode/BenchmarkTest01055.py,weakrand,330,false,,tn,tn,tn,,0
BenchmarkTest01056,testcode/BenchmarkTest01056.py,weakrand,330,false,,tn,tn,tn,,0
BenchmarkTest01057,testcode/BenchmarkTest01057.py,weakrand,330,false,,tn,tn,tn,,0
BenchmarkTest01058,testcode/BenchmarkTest01058.py,weakrand,330,false,,tn,tn,tn,,0
BenchmarkTest01059,testcode/BenchmarkTest01059.py,weakrand,330,false,,tn,tn,tn,,0
BenchmarkTest01060,testcode/BenchmarkTest01060.py,weakrand,330,false,,tn,tn,tn,,0
BenchmarkTest01061,testcode/BenchmarkTest01061.py,weakrand,330,false,,tn,tn,tn,,0
BenchmarkTest01062,testcode/BenchmarkTest01062.py,weakrand,330,false,,tn,tn,tn,,0
BenchmarkTest01063,testcode/BenchmarkTest01063.py,weakrand,330,false,,tn,tn,tn,,0
BenchmarkTest01064,testcode/BenchmarkTest01064.py,weakrand,330,false,,tn,tn,tn,,0
BenchmarkTest01065,testcode/BenchmarkTest01065.py,weakrand,330,false,,tn,tn,tn,,0
BenchmarkTest01066,testcode/BenchmarkTest01066.py,weakrand,330,false,,tn,tn,tn,,0
BenchmarkTest01067,testcode/BenchmarkTest01067.py,weakrand,330,false,,tn,tn,tn,,0
BenchmarkTest01068,testcode/BenchmarkTest01068.py,weakrand,330,false,,tn,tn,tn,,0
BenchmarkTest01069,testcode/BenchmarkTest01069.py,weakrand,330,false,,tn,tn,tn,,0
BenchmarkTest01070,testcode/BenchmarkTest01070.py,hash,328,true,,tp,tp,fn,AEG-A02-002;AEG-CRYPTO-PY-002,2
BenchmarkTest01071,testcode/BenchmarkTest01071.py,hash,328,false,,tn,tn,tn,,0
BenchmarkTest01072,testcode/BenchmarkTest01072.py,hash,328,false,,tn,tn,tn,,0
BenchmarkTest01073,testcode/BenchmarkTest01073.py,hash,328,false,,tn,tn,tn,,0
BenchmarkTest01074,testcode/BenchmarkTest01074.py,hash,328,false,,tn,tn,tn,,0
BenchmarkTest01075,testcode/BenchmarkTest01075.py,hash,328,false,,tn,tn,tn,,0
BenchmarkTest01076,testcode/BenchmarkTest01076.py,hash,328,false,,tn,tn,tn,,0
BenchmarkTest01077,testcode/BenchmarkTest01077.py,hash,328,true,,tp,tp,fn,AEG-A02-002;AEG-CRYPTO-PY-002,2
BenchmarkTest01078,testcode/BenchmarkTest01078.py,hash,328,false,,tn,tn,tn,,0
BenchmarkTest01079,testcode/BenchmarkTest01079.py,hash,328,false,,tn,tn,tn,,0
BenchmarkTest01080,testcode/BenchmarkTest01080.py,hash,328,false,,tn,tn,tn,,0
BenchmarkTest01081,testcode/BenchmarkTest01081.py,hash,328,false,,tn,tn,tn,,0
BenchmarkTest01082,testcode/BenchmarkTest01082.py,xss,79,false,,tn,tn,tn,,0
BenchmarkTest01083,testcode/BenchmarkTest01083.py,xss,79,false,,tn,tn,tn,,0
BenchmarkTest01084,testcode/BenchmarkTest01084.py,xss,79,false,,tn,tn,tn,,0
BenchmarkTest01085,testcode/BenchmarkTest01085.py,securecookie,614,true,,tp,tp,fn,AEG-A05-005,1
BenchmarkTest01086,testcode/BenchmarkTest01086.py,securecookie,614,true,,tp,tp,fn,AEG-A05-005,1
BenchmarkTest01087,testcode/BenchmarkTest01087.py,securecookie,614,true,,tp,tp,fn,AEG-A05-005,1
BenchmarkTest01088,testcode/BenchmarkTest01088.py,securecookie,614,true,,tp,tp,fn,AEG-A05-005,1
BenchmarkTest01089,testcode/BenchmarkTest01089.py,securecookie,614,false,,fp,fp,tn,AEG-A05-005,1
BenchmarkTest01090,testcode/BenchmarkTest01090.py,securecookie,614,false,,fp,fp,tn,AEG-A05-005,1
BenchmarkTest01091,testcode/BenchmarkTest01091.py,redirect,601,false,,tn,tn,tn,,0
BenchmarkTest01092,testcode/BenchmarkTest01092.py,trustbound,501,false,no_executed_cwe_rule,unscored,unscored,unscored,,0
BenchmarkTest01093,testcode/BenchmarkTest01093.py,trustbound,501,false,no_executed_cwe_rule,unscored,unscored,unscored,,0
BenchmarkTest01094,testcode/BenchmarkTest01094.py,trustbound,501,false,no_executed_cwe_rule,unscored,unscored,unscored,,0
BenchmarkTest01095,testcode/BenchmarkTest01095.py,ldapi,90,false,,tn,tn,tn,,0
BenchmarkTest01096,testcode/BenchmarkTest01096.py,deserialization,502,false,,fp,fp,tn,AEG-DESER-001,1
BenchmarkTest01097,testcode/BenchmarkTest01097.py,cmdi,78,false,,fp,fp,tn,AEG-A03-006;AEG-CMD-002,2
BenchmarkTest01098,testcode/BenchmarkTest01098.py,cmdi,78,false,,fp,fp,tn,AEG-A03-006;AEG-CMD-002,2
BenchmarkTest01099,testcode/BenchmarkTest01099.py,deserialization,502,false,,fp,fp,tn,AEG-A08-004;AEG-DESER-006,2
BenchmarkTest01100,testcode/BenchmarkTest01100.py,deserialization,502,false,,tn,tn,tn,,0
BenchmarkTest01101,testcode/BenchmarkTest01101.py,deserialization,502,false,,tn,tn,tn,,0
BenchmarkTest01102,testcode/BenchmarkTest01102.py,deserialization,502,false,,tn,tn,tn,,0
BenchmarkTest01103,testcode/BenchmarkTest01103.py,xss,79,false,,tn,tn,tn,,0
BenchmarkTest01104,testcode/BenchmarkTest01104.py,xss,79,false,,tn,tn,tn,,0
BenchmarkTest01105,testcode/BenchmarkTest01105.py,pathtraver,22,false,,tn,tn,tn,,0
BenchmarkTest01106,testcode/BenchmarkTest01106.py,pathtraver,22,false,,fp,tn,fp,AEG-PATH-001,1
BenchmarkTest01107,testcode/BenchmarkTest01107.py,pathtraver,22,false,,tn,tn,tn,,0
BenchmarkTest01108,testcode/BenchmarkTest01108.py,pathtraver,22,false,,tn,tn,tn,,0
BenchmarkTest01109,testcode/BenchmarkTest01109.py,pathtraver,22,false,,tn,tn,tn,,0
BenchmarkTest01110,testcode/BenchmarkTest01110.py,pathtraver,22,false,,tn,tn,tn,,0
BenchmarkTest01111,testcode/BenchmarkTest01111.py,pathtraver,22,false,,tn,tn,tn,,0
BenchmarkTest01112,testcode/BenchmarkTest01112.py,pathtraver,22,false,,tn,tn,tn,,0
BenchmarkTest01113,testcode/BenchmarkTest01113.py,pathtraver,22,false,,tn,tn,tn,,0
BenchmarkTest01114,testcode/BenchmarkTest01114.py,pathtraver,22,false,,tn,tn,tn,,0
BenchmarkTest01115,testcode/BenchmarkTest01115.py,xss,79,false,,tn,tn,tn,,0
BenchmarkTest01116,testcode/BenchmarkTest01116.py,xpathi,643,false,,tn,tn,tn,,0
BenchmarkTest01117,testcode/BenchmarkTest01117.py,xpathi,643,false,,tn,tn,tn,,0
BenchmarkTest01118,testcode/BenchmarkTest01118.py,xpathi,643,false,,tn,tn,tn,,0
BenchmarkTest01119,testcode/BenchmarkTest01119.py,xpathi,643,false,,tn,tn,tn,,0
BenchmarkTest01120,testcode/BenchmarkTest01120.py,xpathi,643,false,,tn,tn,tn,,0
BenchmarkTest01121,testcode/BenchmarkTest01121.py,xpathi,643,false,,tn,tn,tn,,0
BenchmarkTest01122,testcode/BenchmarkTest01122.py,xxe,611,false,,fp,fp,tn,AEG-A03-010;AEG-A05-004,3
BenchmarkTest01123,testcode/BenchmarkTest01123.py,xpathi,643,false,,tn,tn,tn,,0
BenchmarkTest01124,testcode/BenchmarkTest01124.py,xpathi,643,false,,tn,tn,tn,,0
BenchmarkTest01125,testcode/BenchmarkTest01125.py,xpathi,643,false,,tn,tn,tn,,0
BenchmarkTest01126,testcode/BenchmarkTest01126.py,weakrand,330,true,,fn,fn,fn,,0
BenchmarkTest01127,testcode/BenchmarkTest01127.py,weakrand,330,true,,fn,fn,fn,,0
BenchmarkTest01128,testcode/BenchmarkTest01128.py,weakrand,330,true,,fn,fn,fn,,0
BenchmarkTest01129,testcode/BenchmarkTest01129.py,weakrand,330,true,,tp,tp,fn,AEG-CRYPTO-002,1
BenchmarkTest01130,testcode/BenchmarkTest01130.py,weakrand,330,true,,tp,tp,fn,AEG-CRYPTO-002,1
BenchmarkTest01131,testcode/BenchmarkTest01131.py,weakrand,330,true,,tp,tp,fn,AEG-CRYPTO-002,1
BenchmarkTest01132,testcode/BenchmarkTest01132.py,weakrand,330,false,,tn,tn,tn,,0
BenchmarkTest01133,testcode/BenchmarkTest01133.py,weakrand,330,false,,tn,tn,tn,,0
BenchmarkTest01134,testcode/BenchmarkTest01134.py,weakrand,330,false,,tn,tn,tn,,0
BenchmarkTest01135,testcode/BenchmarkTest01135.py,weakrand,330,false,,tn,tn,tn,,0
BenchmarkTest01136,testcode/BenchmarkTest01136.py,weakrand,330,false,,tn,tn,tn,,0
BenchmarkTest01137,testcode/BenchmarkTest01137.py,weakrand,330,false,,tn,tn,tn,,0
BenchmarkTest01138,testcode/BenchmarkTest01138.py,weakrand,330,false,,tn,tn,tn,,0
BenchmarkTest01139,testcode/BenchmarkTest01139.py,weakrand,330,false,,tn,tn,tn,,0
BenchmarkTest01140,testcode/BenchmarkTest01140.py,weakrand,330,false,,tn,tn,tn,,0
BenchmarkTest01141,testcode/BenchmarkTest01141.py,weakrand,330,false,,tn,tn,tn,,0
BenchmarkTest01142,testcode/BenchmarkTest01142.py,weakrand,330,false,,tn,tn,tn,,0
BenchmarkTest01143,testcode/BenchmarkTest01143.py,weakrand,330,false,,tn,tn,tn,,0
BenchmarkTest01144,testcode/BenchmarkTest01144.py,weakrand,330,false,,tn,tn,tn,,0
BenchmarkTest01145,testcode/BenchmarkTest01145.py,hash,328,true,,tp,tp,fn,AEG-A02-002;AEG-CRYPTO-PY-002,2
BenchmarkTest01146,testcode/BenchmarkTest01146.py,hash,328,true,,tp,tp,fn,AEG-A02-003;AEG-CRYPTO-PY-002,2
BenchmarkTest01147,testcode/BenchmarkTest01147.py,hash,328,true,,tp,tp,fn,AEG-A02-003;AEG-CRYPTO-PY-002,2
BenchmarkTest01148,testcode/BenchmarkTest01148.py,hash,328,true,,tp,tp,fn,AEG-A02-003;AEG-CRYPTO-PY-002,2
BenchmarkTest01149,testcode/BenchmarkTest01149.py,hash,328,true,,tp,tp,fn,AEG-A02-003;AEG-CRYPTO-PY-002,2
BenchmarkTest01150,testcode/BenchmarkTest01150.py,hash,328,false,,tn,tn,tn,,0
BenchmarkTest01151,testcode/BenchmarkTest01151.py,hash,328,false,,tn,tn,tn,,0
BenchmarkTest01152,testcode/BenchmarkTest01152.py,hash,328,false,,tn,tn,tn,,0
BenchmarkTest01153,testcode/BenchmarkTest01153.py,hash,328,false,,tn,tn,tn,,0
BenchmarkTest01154,testcode/BenchmarkTest01154.py,hash,328,false,,tn,tn,tn,,0
BenchmarkTest01155,testcode/BenchmarkTest01155.py,xss,79,false,,tn,tn,tn,,0
BenchmarkTest01156,testcode/BenchmarkTest01156.py,redirect,601,false,,tn,tn,tn,,0
BenchmarkTest01157,testcode/BenchmarkTest01157.py,redirect,601,false,,tn,tn,tn,,0
BenchmarkTest01158,testcode/BenchmarkTest01158.py,redirect,601,false,,tn,tn,tn,,0
BenchmarkTest01159,testcode/BenchmarkTest01159.py,redirect,601,false,,tn,tn,tn,,0
BenchmarkTest01160,testcode/BenchmarkTest01160.py,redirect,601,false,,tn,tn,tn,,0
BenchmarkTest01161,testcode/BenchmarkTest01161.py,trustbound,501,false,no_executed_cwe_rule,unscored,unscored,unscored,,0
BenchmarkTest01162,testcode/BenchmarkTest01162.py,trustbound,501,false,no_executed_cwe_rule,unscored,unscored,unscored,,0
BenchmarkTest01163,testcode/BenchmarkTest01163.py,trustbound,501,false,no_executed_cwe_rule,unscored,unscored,unscored,,0
BenchmarkTest01164,testcode/BenchmarkTest01164.py,codeinj,94,false,,tn,tn,tn,,0
BenchmarkTest01165,testcode/BenchmarkTest01165.py,codeinj,94,false,,tn,tn,tn,,0
BenchmarkTest01166,testcode/BenchmarkTest01166.py,codeinj,94,false,,tn,tn,tn,,0
BenchmarkTest01167,testcode/BenchmarkTest01167.py,codeinj,94,false,,tn,tn,tn,,0
BenchmarkTest01168,testcode/BenchmarkTest01168.py,ldapi,90,false,,tn,tn,tn,,0
BenchmarkTest01169,testcode/BenchmarkTest01169.py,ldapi,90,false,,tn,tn,tn,,0
BenchmarkTest01170,testcode/BenchmarkTest01170.py,ldapi,90,false,,tn,tn,tn,,0
BenchmarkTest01171,testcode/BenchmarkTest01171.py,ldapi,90,false,,tn,tn,tn,,0
BenchmarkTest01172,testcode/BenchmarkTest01172.py,deserialization,502,false,,fp,fp,tn,AEG-DESER-001,1
BenchmarkTest01173,testcode/BenchmarkTest01173.py,cmdi,78,false,,fp,fp,tn,AEG-A03-006;AEG-CMD-002,2
BenchmarkTest01174,testcode/BenchmarkTest01174.py,deserialization,502,false,,tn,tn,tn,,0
BenchmarkTest01175,testcode/BenchmarkTest01175.py,xpathi,643,false,,tn,tn,tn,,0
BenchmarkTest01176,testcode/BenchmarkTest01176.py,weakrand,330,true,,fn,fn,fn,,0
BenchmarkTest01177,testcode/BenchmarkTest01177.py,securecookie,614,true,,tp,tp,fn,AEG-A05-005,3
BenchmarkTest01178,testcode/BenchmarkTest01178.py,redirect,601,true,,fn,fn,fn,,0
BenchmarkTest01179,testcode/BenchmarkTest01179.py,pathtraver,22,true,,tp,tp,fn,AEG-AC-PY-006,1
BenchmarkTest01180,testcode/BenchmarkTest01180.py,pathtraver,22,false,,fp,fp,tn,AEG-AC-PY-006,1
BenchmarkTest01181,testcode/BenchmarkTest01181.py,pathtraver,22,true,,fn,fn,fn,,0
BenchmarkTest01182,testcode/BenchmarkTest01182.py,hash,328,true,,tp,tp,fn,AEG-A02-002;AEG-CRYPTO-PY-002,2
BenchmarkTest01183,testcode/BenchmarkTest01183.py,pathtraver,22,true,,tp,tp,tp,AEG-AC-PY-006;AEG-PATH-001,2
BenchmarkTest01184,testcode/BenchmarkTest01184.py,xpathi,643,false,,tn,tn,tn,,0
BenchmarkTest01185,testcode/BenchmarkTest01185.py,weakrand,330,true,,fn,fn,fn,,0
BenchmarkTest01186,testcode/BenchmarkTest01186.py,weakrand,330,false,,tn,tn,tn,,0
BenchmarkTest01187,testcode/BenchmarkTest01187.py,securecookie,614,true,,tp,tp,fn,AEG-A05-005,1
BenchmarkTest01188,testcode/BenchmarkTest01188.py,codeinj,94,true,,tp,fn,tp,AEG-A03-007;AEG-EXEC-001,2
BenchmarkTest01189,testcode/BenchmarkTest01189.py,weakrand,330,false,,tn,tn,tn,,0
BenchmarkTest01190,testcode/BenchmarkTest01190.py,hash,328,true,,tp,tp,fn,AEG-A02-002;AEG-CRYPTO-PY-002,2
BenchmarkTest01191,testcode/BenchmarkTest01191.py,cmdi,78,true,,fn,fn,fn,,0
BenchmarkTest01192,testcode/BenchmarkTest01192.py,pathtraver,22,true,,tp,tp,fn,AEG-AC-PY-006,1
BenchmarkTest01193,testcode/BenchmarkTest01193.py,ldapi,90,true,,fn,fn,fn,,0
BenchmarkTest01194,testcode/BenchmarkTest01194.py,weakrand,330,true,,tp,tp,fn,AEG-CRYPTO-002,1
BenchmarkTest01195,testcode/BenchmarkTest01195.py,hash,328,false,,tn,tn,tn,,0
BenchmarkTest01196,testcode/BenchmarkTest01196.py,pathtraver,22,true,,fn,fn,fn,,0
BenchmarkTest01197,testcode/BenchmarkTest01197.py,hash,328,true,,tp,tp,fn,AEG-A02-003;AEG-CRYPTO-PY-002,2
BenchmarkTest01198,testcode/BenchmarkTest01198.py,xpathi,643,false,,tn,tn,tn,,0
BenchmarkTest01199,testcode/BenchmarkTest01199.py,weakrand,330,true,,tp,tp,fn,AEG-CRYPTO-002,1
BenchmarkTest01200,testcode/BenchmarkTest01200.py,ldapi,90,true,,fn,fn,fn,,0
BenchmarkTest01201,testcode/BenchmarkTest01201.py,hash,328,false,,tn,tn,tn,,0
BenchmarkTest01202,testcode/BenchmarkTest01202.py,pathtraver,22,false,,fp,fp,tn,AEG-AC-PY-006,1
BenchmarkTest01203,testcode/BenchmarkTest01203.py,sqli,89,false,,tn,tn,tn,,0
BenchmarkTest01204,testcode/BenchmarkTest01204.py,xpathi,643,false,,tn,tn,tn,,0
BenchmarkTest01205,testcode/BenchmarkTest01205.py,weakrand,330,false,,tn,tn,tn,,0
BenchmarkTest01206,testcode/BenchmarkTest01206.py,hash,328,false,,tn,tn,tn,,0
BenchmarkTest01207,testcode/BenchmarkTest01207.py,securecookie,614,false,,fp,fp,tn,AEG-A05-005,1
BenchmarkTest01208,testcode/BenchmarkTest01208.py,redirect,601,true,,fn,fn,fn,,0
BenchmarkTest01209,testcode/BenchmarkTest01209.py,redirect,601,false,,tn,tn,tn,,0
BenchmarkTest01210,testcode/BenchmarkTest01210.py,xss,79,true,,fn,fn,fn,,0
BenchmarkTest01211,testcode/BenchmarkTest01211.py,xxe,611,false,,fp,fp,fp,AEG-A03-010;AEG-A05-004;AEG-XEE-002,4
BenchmarkTest01212,testcode/BenchmarkTest01212.py,xxe,611,true,,tp,tp,tp,AEG-A03-010;AEG-A05-004;AEG-XEE-002,4
BenchmarkTest01213,testcode/BenchmarkTest01213.py,xss,79,false,,tn,tn,tn,,0
BenchmarkTest01214,testcode/BenchmarkTest01214.py,pathtraver,22,true,,fn,fn,fn,,0
BenchmarkTest01215,testcode/BenchmarkTest01215.py,weakrand,330,false,,tn,tn,tn,,0
BenchmarkTest01216,testcode/BenchmarkTest01216.py,deserialization,502,true,,tp,tp,fn,AEG-DESER-001;AEG-RCE-PY-006,2
BenchmarkTest01217,testcode/BenchmarkTest01217.py,xpathi,643,false,,tn,tn,tn,,0
BenchmarkTest01218,testcode/BenchmarkTest01218.py,xpathi,643,true,,fn,fn,fn,,0
BenchmarkTest01219,testcode/BenchmarkTest01219.py,weakrand,330,false,,tn,tn,tn,,0
BenchmarkTest01220,testcode/BenchmarkTest01220.py,pathtraver,22,false,,fp,fp,tn,AEG-LFI-001,1
BenchmarkTest01221,testcode/BenchmarkTest01221.py,pathtraver,22,false,,tn,tn,tn,,0
BenchmarkTest01222,testcode/BenchmarkTest01222.py,pathtraver,22,false,,tn,tn,tn,,0
BenchmarkTest01223,testcode/BenchmarkTest01223.py,xss,79,false,,tn,tn,tn,,0
BenchmarkTest01224,testcode/BenchmarkTest01224.py,xss,79,false,,tn,tn,tn,,0
BenchmarkTest01225,testcode/BenchmarkTest01225.py,xpathi,643,false,,tn,tn,tn,,0
BenchmarkTest01226,testcode/BenchmarkTest01226.py,xpathi,643,false,,tn,tn,tn,,0
BenchmarkTest01227,testcode/BenchmarkTest01227.py,hash,328,true,,tp,tp,fn,AEG-A02-002;AEG-CRYPTO-PY-002,2
BenchmarkTest01228,testcode/BenchmarkTest01228.py,deserialization,502,false,,tn,tn,tn,,0
BenchmarkTest01229,testcode/BenchmarkTest01229.py,sqli,89,false,,tn,tn,tn,,0
BenchmarkTest01230,testcode/BenchmarkTest01230.py,deserialization,502,false,,fp,fp,tn,AEG-DESER-001;AEG-RCE-PY-006,2
